dist,ttc,heading_err,approach_speed,ammo,mines,threat_density,threat_angle,thrust,turn_rate
360.9999999999999,6.016666666666665,120.0,-60.0,0,0,2.4,119.99999999999999,0.5333333333333333,0.0
358.99999999999994,5.9833333333333325,15.0,-60.0,0,0,2.4,14.999999999999993,0.5333333333333333,0.25
356.9999999999999,5.949999999999998,13.5,-60.0,0,0,2.4,14.99999999999999,0.5333333333333333,-0.025
354.99999999999983,5.916666666666663,13.649999999999977,-60.0,0,0,2.4,14.999999999999982,0.5333333333333333,0.22749999999999962
352.9999999999998,5.883333333333329,12.284999999999968,-60.0,0,0,2.4,14.99999999999998,0.5333333333333333,0.20474999999999946
350.9999999999997,5.849999999999995,11.056499999999971,-60.0,0,0,2.4,14.999999999999977,0.5333333333333333,0.18427499999999952
348.9999999999996,5.816666666666659,9.950849999999974,-60.00000000000001,0,0,2.4,14.999999999999973,0.5333333333333333,0.16584749999999956
346.99999999999955,5.783333333333325,8.955764999999985,-60.00000000000001,0,0,2.4,14.99999999999997,0.5333333333333333,0.14926274999999975
344.9999999999995,5.749999999999991,8.060188499999981,-60.00000000000001,0,0,2.4,14.999999999999964,0.5333333333333333,0.13433647499999968
342.99999999999943,5.716666666666657,7.254169649999966,-60.0,0,0,2.4,14.999999999999961,0.5333333333333333,0.12090282749999944
340.9999999999994,5.683333333333323,6.528752684999972,-60.0,0,0,2.4,14.999999999999957,0.5333333333333333,0.10881254474999953
338.9999999999993,5.649999999999989,5.875877416499975,-60.0,0,0,2.4,14.999999999999952,0.5333333333333333,0.09793129027499958
336.99999999999926,5.616666666666655,5.2882896748499775,-60.0,0,0,2.4,14.999999999999948,0.5333333333333333,0.08813816124749962
334.9999999999992,5.583333333333321,4.75946070736498,-59.99999999999999,0,0,2.4,14.999999999999945,0.5333333333333333,0.07932434512274919
332.99999999999915,5.549999999999986,4.2835146366284675,-60.0,0,0,2.4,14.999999999999941,0.5333333333333333,0.07139191061047447
330.9999999999991,5.5166666666666515,3.855163172965632,-60.0,0,0,2.4,14.999999999999936,0.5333333333333333,0.0642527195494272
328.99999999999903,5.483333333333317,3.4696468556690547,-60.0,0,0,2.4,14.999999999999932,0.5333333333333333,0.057827447594484244
326.999999999999,5.449999999999983,3.122682170102138,-60.0,0,0,2.4,14.999999999999925,0.5333333333333333,0.05204470283503563
324.9999999999989,5.416666666666648,2.81041395309191,-60.0,0,0,2.4,14.999999999999922,0.5333333333333333,0.04684023255153183
322.99999999999886,5.383333333333314,2.5293725577827217,-60.0,0,0,2.4,14.99999999999992,0.5333333333333333,0.04215620929637869
320.99999999999875,5.349999999999978,2.276435302004444,-60.00000000000001,0,0,2.4,14.999999999999913,0.5333333333333333,0.03794058836674073
318.9999999999987,5.316666666666644,2.048791771803991,-60.00000000000001,0,0,2.4,14.99999999999991,0.5333333333333333,0.03414652953006651
316.99999999999864,5.283333333333311,1.843912594623589,-59.99999999999999,0,0,2.4,14.999999999999904,0.5333333333333333,0.03073187657705982
314.9999999999986,5.249999999999976,1.6595213351612301,-60.00000000000001,0,0,2.4,14.9999999999999,0.5333333333333333,0.027658688919353837
312.9999999999985,5.216666666666641,1.4935692016451014,-60.00000000000001,0,0,2.4,14.999999999999893,0.5333333333333333,0.02489282002741836
310.99999999999847,5.183333333333308,1.3442122814805941,-60.0,0,0,2.4,14.99999999999989,0.5333333333333333,0.022403538024676095
308.9999999999984,5.149999999999974,1.2097910533325376,-59.99999999999999,0,0,2.4,14.999999999999885,0.5333333333333333,0.020163184222208485
306.99999999999835,5.11666666666664,1.088811947999261,-60.0,0,0,2.4,14.999999999999881,0.5333333333333333,0.018146865799987685
304.9999999999983,5.083333333333305,0.9799307531993406,-60.0,0,0,2.4,14.999999999999876,0.5333333333333333,0.016332179219989012
302.99999999999824,5.0499999999999705,0.8819376778793924,-60.0,0,0,2.4,14.999999999999872,0.5333333333333333,0.014698961297989872
300.9999999999982,5.016666666666636,0.7937439100914503,-60.0,0,0,2.4,14.999999999999865,0.5333333333333333,0.013229065168190838
298.9999999999981,4.983333333333303,0.7143695190823109,-59.999999999999986,0,0,2.4,14.999999999999861,0.5333333333333333,0.011906158651371849
296.99999999999807,4.949999999999968,0.6429325671740855,-60.0,0,0,2.4,14.999999999999856,0.5333333333333333,0.010715542786234286
294.99999999999795,4.916666666666632,0.5786393104566514,-60.00000000000001,0,0,2.4,14.999999999999849,0.5333333333333333,0.009643988507610857
292.9999999999979,4.883333333333297,0.520775379410992,-60.00000000000001,0,0,2.4,14.999999999999845,0.5333333333333333,0.008679589656849392
290.99999999999784,4.849999999999965,0.4686978414698899,-59.99999999999999,0,0,2.4,14.99999999999984,0.5333333333333333,0.007811630691164832
288.9999999999978,4.816666666666629,0.4218280573228981,-60.00000000000001,0,0,2.4,14.999999999999833,0.5333333333333333,0.007030467622048301
286.9999999999977,4.783333333333295,0.3796452515906026,-60.00000000000001,0,0,2.4,14.999999999999828,0.5333333333333333,0.0063274208598433765
284.99999999999767,4.749999999999961,0.341680726431548,-60.00000000000001,0,0,2.4,14.999999999999824,0.5333333333333333,0.005694678773859134
282.9999999999976,4.716666666666628,0.3075126537883648,-59.99999999999999,0,0,2.4,14.999999999999817,0.5333333333333333,0.0051252108964727466
280.99999999999756,4.683333333333293,0.2767613884095397,-59.99999999999999,0,0,2.4,14.999999999999812,0.5333333333333333,0.004612689806825188
278.9999999999975,4.649999999999959,0.24908524956856581,-60.0,0,0,2.4,14.999999999999805,0.5333333333333333,0.004151420826142764
276.99999999999744,4.616666666666624,0.22417672461170923,-60.0,0,0,2.4,14.999999999999801,0.5333333333333333,0.003736278743528487
274.9999999999974,4.58333333333329,0.20175905215054968,-59.99999999999999,0,0,2.4,14.999999999999796,0.5333333333333333,0.003362650869175354
272.9999999999973,4.549999999999956,0.1815831469354805,-59.999999999999986,0,0,2.4,14.999999999999789,0.5333333333333333,0.0030263857822575347
270.99999999999727,4.516666666666621,0.1634248322419296,-60.0,0,0,2.4,14.999999999999783,0.5333333333333333,0.00272374720403216
268.9999999999972,4.483333333333287,0.14708234901772244,-60.0,0,0,2.4,14.999999999999776,0.5333333333333333,0.0024513724836287072
266.9999999999971,4.449999999999951,0.13237411411594735,-60.00000000000001,0,0,2.4,14.999999999999769,0.5333333333333333,0.002206235235265789
264.99999999999704,4.416666666666617,0.1191367027043384,-60.0,0,0,2.4,14.999999999999764,0.5333333333333333,0.0019856117117389733
262.999999999997,4.383333333333282,0.10722303243392162,-60.00000000000001,0,0,2.4,14.999999999999757,0.5333333333333333,0.0017870505405648866
260.99999999999693,4.349999999999948,0.09650072919052377,-60.00000000000001,0,0,2.4,14.999999999999751,0.5333333333333333,0.0016083454865082557
258.9999999999969,4.316666666666614,0.0868506562714515,-60.00000000000001,0,0,2.4,14.999999999999744,0.5333333333333333,0.0014475109378575249
256.9999999999968,4.283333333333281,0.07816559064431772,-59.99999999999999,0,0,2.4,14.999999999999739,0.5333333333333333,0.0013027598440714882
254.99999999999676,4.249999999999947,0.07034903157986605,-59.99999999999999,0,0,2.4,14.999999999999732,0.5333333333333333,0.0011724838596639604
252.9999999999967,4.216666666666611,0.06331412842189366,-60.00000000000001,0,0,2.4,14.999999999999725,0.5333333333333333,0.0010552354736977538
250.99999999999665,4.183333333333277,0.05698271557969292,-60.00000000000001,0,0,2.4,14.999999999999716,0.5333333333333333,0.0009497119263282154
248.9999999999966,4.1499999999999435,0.051284444021717945,-60.0,0,0,2.4,14.999999999999709,0.5333333333333333,0.0008547407336948254
246.99999999999653,4.1166666666666085,0.04615599961954331,-60.0,0,0,2.4,14.999999999999703,0.5333333333333333,0.0007692666603252482
244.99999999999648,4.083333333333274,0.04154039965757761,-60.0,0,0,2.4,14.999999999999696,0.5333333333333333,0.0006923399942924865
242.99999999999642,4.04999999999994,0.03738635969182269,-60.0,0,0,2.4,14.999999999999687,0.5333333333333333,0.0006231059948632378
240.99999999999636,4.016666666666606,0.03364772372262337,-60.0,0,0,2.4,14.99999999999968,0.5333333333333333,0.0005607953953770562
238.99999999999625,3.9833333333332708,0.03028295135035819,-60.0,0,0,2.4,14.999999999999675,0.5333333333333333,0.0005047158558388295
236.9999999999962,3.9499999999999362,0.027254656215319528,-60.00000000000001,0,0,2.4,14.999999999999664,0.5333333333333333,0.0004542442702548518
234.99999999999613,3.916666666666602,0.024529190593796102,-60.0,0,0,2.4,14.999999999999659,0.8,0.00027254656215329004
232.97777777963404,3.7985507312611473,0.022895791757093775,-61.33333322687616,0,0,2.4,15.000001880535889,0.8,0.00025439768618993084
230.91111111790633,3.6847517840691904,0.0213747659701653,-62.66666648110113,0,0,2.4,15.000007240866088,0.8,0.00023749739966850332
228.80000001399281,3.5750000137745555,0.01995823103018779,-63.99999975732064,0,0,2.4,15.000015690324144,0.8,0.0002217581225576421
226.6444444672357,3.469047634381169,0.01863886885081456,-65.33333305112312,0,0,2.4,15.000026876880106,0.8,0.00020709854278682844
224.44444447711095,3.366666682699769,0.017409884380271023,-66.66666635888241,0,0,2.4,15.000040483666284,0.8,0.00019344315978078914
222.20000004320423,3.2676470749501285,0.016264967569327382,-67.99999967762598,0,0,2.4,15.000056225814033,0.8,0.00018072186188141536
219.91111116519096,3.17179488759861,0.015198258158278577,-69.33333300492433,0,0,2.4,15.000073847574264,0.8,0.0001688695350919842
217.57777784281996,3.078930832815603,0.014204313070138141,-70.66666633879875,0,0,2.4,15.000093119696672,0.8,0.00015782570077931267
215.20000007589942,2.988888903324805,0.013278076214248813,-71.99999967764391,0,0,2.4,15.000113837045449,0.8,0.00014753418015832015
212.77777786428607,2.9015151650857356,0.01241485051860991,-73.33333302016321,0,0,2.4,15.000135816430785,0.8,0.0001379427835401101
210.31111120787529,2.816666679330569,0.011610272024256574,-74.66666636531501,0,0,2.4,15.000158894637671,0.8,0.0001290030224917397
207.80000010659379,2.7342105380699375,0.010860285886536758,-75.99999971226741,0,0,2.4,15.00018292663489,0.8,0.00012066984318374176
205.24444456039282,2.6540229993732862,0.010161124141490063,-77.33333306036107,0,0,2.4,15.000207783948948,0.8,0.00011290137934988959
202.64444456924335,2.5759887105863046,0.009509285105195886,-78.66666640907782,0,0,2.4,15.000233353188758,0.8,0.0001056587233910654
200.00000013313155,2.5000000092261794,0.008901514284531231,-79.99999975801488,0,0,2.4,15.000259534708427,0.8,9.890571427256923e-05
197.3111112520555,2.425956292640924,0.008334786687186124,-81.33333310686332,0,0,2.4,15.00028624139673,0.8,9.260874096873471e-05
194.57777792602218,2.3537634486691523,0.007806290427225804,-82.66666645539037,0,0,2.4,15.000313397582568,0.8,8.673656030250893e-05
191.80000015504535,2.283333340522531,0.0073134115301058955,-83.99999980342457,0,0,2.4,15.000340938047279,0.8,8.126012811228772e-05
188.97777793914364,2.214583339960336,0.006853719849146955,-85.33333315084376,0,0,2.4,15.000368807134992,0.8,7.615244276829951e-05
186.1111112783391,2.147435903555471,0.006424956011215954,-86.66666649756498,0,0,2.4,15.000396957953653,0.8,7.138840012462171e-05
183.20000017265582,2.0818181874816433,0.006025019316439284,-87.99999984353639,0,0,2.4,15.000425351659647,0.8,6.69446590715476e-05
180.24444462211952,2.017661696797156,0.005651956522427781,-89.33333318873044,0,0,2.4,15.000453956820062,0.8,6.279951691586423e-05
177.24444462675612,1.954901965674162,0.005303951448098587,-90.66666653313845,0,0,2.4,15.000482748847226,0.8,5.893279386776208e-05
174.20000018659186,1.8934782654340474,0.004979315338431434,-91.99999987676621,0,0,2.4,15.000511709500769,0.8,5.5325725982571486e-05
171.11111130165264,1.8333333376083056,0.0046764779349075525,-93.33333321963012,0,0,2.4,15.00054082645312,0.8,5.196086594341725e-05
167.97777797196338,1.7744131495576123,0.004393979201296361,-94.66666656175465,0,0,2.4,15.00057009291519,0.8,4.882199112551512e-05
164.80000019754834,1.7166666704559759,0.004130461658661488,-95.99999990316971,0,0,2.4,15.000599507319302,0.8,4.5894018429572096e-05
161.57777797843062,1.6600456656871172,0.003884663286100931,-97.33333324390881,0,0,2.4,15.000629073057327,0.8,4.316292540112146e-05
158.31111131463214,1.6045045079114058,0.0036554109488804443,-98.66666658400779,0,0,2.4,15.000658798272507,0.8,4.0615677209782714e-05
155.0000002061737,1.550000003247433,0.0034416143171824842,-99.99999992350348,0,0,2.4,15.00068869570407,0.8,3.824015907980538e-05
151.64444465307474,1.4964912311760858,0.003242260243354167,-101.33333326243284,0,0,2.4,15.0007187825847,0.8,3.60251138150463e-05
148.24444465535365,1.4439393969196224,0.0030564075671577484,-102.66666660083224,0,0,2.4,15.000749080591413,0.8,3.3960084079530536e-05
144.80000021302737,1.3923076951761943,0.0028831823225914377,-103.99999993873708,0,0,2.4,15.000779615851329,0.8,3.203535913990486e-05
141.31111132611193,1.3415611842036541,0.0027217733215536555,-105.33333327618128,0,0,2.4,15.000810419005111,0.8,3.0241925795040616e-05
137.77777799462214,1.2916666693470669,0.0025714280930344557,-106.666666613197,0,0,2.4,15.000841525331378,0.8,2.8571423255938396e-05
134.20000021857186,1.2425925951938144,0.0024314491593884213,-107.99999994981452,0,0,2.4,15.000872974937264,0.8,2.701610177098246e-05
130.57777799797375,1.1943089456197886,0.0023011906330623333,-109.33333328606209,0,0,2.4,15.00090481302157,0.8,2.5568784811803703e-05
126.91111133283971,1.1467871510611636,0.0021800551214141706,-110.66666662196579,0,0,2.4,15.000937090218782,0.8,2.4222834682379674e-05
123.20000022318098,1.1000000024096108,0.0020674909291074073,-111.9999999575496,0,0,2.4,15.000969863034586,0.8,2.2972121434526747e-05
119.44444466900771,1.0539215709854957,0.0019629895521404706,-113.33333329283526,0,0,2.4,15.001003194386216,0.8,2.1810995023783006e-05
115.64444467032956,1.008527134094345,0.0018660834602428622,-114.66666662784242,0,0,2.4,15.001037154264468,0.8,2.0734260669365137e-05
111.80000022715552,0.9637931057173499,0.001776344170025368,-115.99999996258838,0,0,2.4,15.001071820538252,0.8,1.973715744472631e-05
107.91111133949397,0.9196969719275131,0.0016933806153929254,-117.33333329708853,0,0,2.4,15.001107279928291,0.8,1.8815340171032505e-05
103.97777800735304,0.8762172306597726,0.0016168378291467889,-118.66666663135581,0,0,2.4,15.00114362918308,0.8,1.7964864768297653e-05
100.00000023074014,0.8333333354964375,0.0015463959567796337,-119.99999996540117,0,0,2.4,15.001180976499304,0.8,1.7182177297551487e-05
95.97777800966264,0.7910256431590938,0.0014817696337559028,-121.3333332992332,0,0,2.4,15.001219443240066,0.8,1.6464107041732252e-05
91.9111113441275,0.7492753644249401,0.0014227077706152613,-122.66666663285824,0,0,2.4,15.001259166019187,-0.8,2.3711796176921023e-05
87.93333356741573,0.7580459792272327,0.0013198059412502516,-115.99999996973368,0,0,2.4,15.001298534966866,-0.8,2.1996765687504195e-05
84.17777801282284,0.769918701531093,0.0012252784619590784,-109.33333330574169,0,0,2.4,15.001335988081706,-0.8,2.0421307699317973e-05
80.64444468037499,0.7854978379918761,0.0011385249136139919,-102.66666664104687,0,0,2.4,15.001371762379577,-0.8,1.8975415226899865e-05
77.33333357009332,0.8055555582250101,0.0010589888714207518,-95.9999999757836,0,0,2.4,15.001406078828738,-0.8,1.7649814523679197e-05
74.2444446819949,0.8310945302388363,0.000986153557931857,-89.33333331006145,0,0,2.4,15.001439142402388,-0.8,1.6435892632197617e-05
71.37777801609357,0.8634408633349749,0.0009195378139850163,-82.66666664396946,0,0,2.4,15.001471142014223,-0.8,1.5325630233083606e-05
68.73333357240035,0.9043859683246964,0.0008586923858047157,-75.99999997757973,0,0,2.4,15.00150225036746,-0.8,1.4311539763411929e-05
66.31111135092424,0.9564102601778569,0.0008031965332122581,-69.3333333109505,0,0,2.4,15.001532623753448,-0.8,1.3386608886870969e-05
64.11111135167245,1.0230496495967556,0.000752654968493971,-62.66666664412859,0,0,2.4,15.001562401842033,-0.8,1.2544249474899517e-05
62.10133357465314,1.049009013494651,0.0007069128166108385,-59.199999976901815,0,0,2.4,15.001591925187007,-0.8,1.1781880276847308e-05
60.150222464325125,1.0394623702045829,0.0006664785996690625,-57.866666642763214,0,0,2.4,15.001622182251731,-0.8,1.1107976661151042e-05
58.2435557984695,1.0302515770752776,0.0006309869029337278,-56.53333330856315,0,0,2.4,15.001653338414949,-0.8,1.0516448382228797e-05
56.38133357708813,1.0214009710749152,0.0006000089390738594,-55.19999997430275,0,0,2.4,15.00168545914138,-0.8,1.0000148984564324e-05
54.563555800183124,1.012937298772521,0.0005731569333988773,-53.866666639981894,0,0,2.4,15.001718608029616,-0.8,9.552615556647956e-06
52.79022246775652,1.004890022124858,0.0005500803239613106,-52.5333333055996,0,0,2.4,15.001752847113522,-0.8,9.168005399355177e-06
51.06133357981044,0.9972916720425438,0.0005304623033737244,-51.19999997115407,0,0,2.4,15.001788237125327,-0.8,8.841038389562073e-06
49.37688913634692,0.9901782586779907,0.000514016670251749,-49.8666666366429,0,0,2.4,15.001824837722541,-0.8,8.566944504195818e-06
47.736889137368195,0.9835897493432413,0.000500484961037273,-48.53333330206306,0,0,2.4,15.001862707680361,-0.8,8.341416017287883e-06
46.14133358287674,0.9775706274308189,0.0004896338357980312,-47.19999996741114,0,0,2.4,15.00190190505122,0.8,1.0
44.45641551347897,0.8247920086147655,-5.990030861663598,-53.90015306785443,0,0,2.4,15.011381409551827,0.8,1.0
42.549420977944706,0.7079259415824419,-11.981307775029563,-60.104339279943716,0,0,2.4,15.020104496185864,0.8,1.0
40.524631351896375,0.6603368924883969,-17.985600925580343,-61.36963088520524,0,0,2.4,15.015811345635086,0.8,1.0
38.45923960572003,0.6150181027716302,-24.002935409965914,-62.53350825349737,0,0,2.4,14.99847686124953,0.8,-1.0
36.35211143258893,0.568846531498858,-18.032007353102557,-63.90495400719852,0,0,2.4,14.969404918112875,0.8,-1.0
34.19842610262401,0.5235533718044282,-12.062737762570606,-65.31984692364608,0,0,2.4,14.938674508644825,0.8,-1.0
31.99745106681135,0.47946986888605697,-6.088224942607297,-66.73506124827074,0,0,2.4,14.913187328608133,0.8,-1.0
29.749907500780736,0.4368140996436227,-0.10065344208169336,-68.10656415407004,0,0,2.4,14.900758829133743,0.8,-1.0
27.457994412747254,0.3957066483302772,5.908734649821696,-69.38977277386908,0,0,2.4,14.910146921037136,0.8,-1.0
25.12540186936387,0.3561873366873062,11.949675487296417,-70.53985159338005,0,0,2.4,14.951087758511841,0.8,-1.0
22.757315149117474,0.31823088864238724,18.032923458384687,-71.51196179039384,0,0,2.4,15.034335729600098,0.8,1.0
20.346292542967404,0.27818408524904675,12.131947466254758,-73.13967125312797,0,0,2.4,15.133359737470185,0.8,1.0
17.88223640809312,0.2394309725149426,6.2049687443335415,-74.68639591720788,0,0,2.4,15.206381015548983,0.8,1.0
15.368611443025763,0.20193693162811682,0.23930434931534705,-76.10599665507597,0,0,2.4,15.24071662053077,0.8,1.0
12.810443841019115,0.16561468769125076,-5.779758907139495,-77.35089211955128,0,0,2.4,15.221653364075935,0.8,1.0
10.214373399179955,0.13033227597884367,-11.869303411499516,-78.3717872067086,0,0,2.4,15.132108859715917,0.8,1.0
7.588717748786451,0.09591740424450623,-18.0491961068779,-79.11721348757311,0,0,2.4,14.952216164337544,0.8,-1.0
4.920562279257382,0.060784956735167456,-12.26118786446662,-80.95032954774754,0,0,2.4,14.740224406748801,0.8,-1.0
2.1937443825668765,0.026549336451519173,-6.418986633021603,-82.62897216180139,0,0,2.4,14.582425638193836,0.8,-1.0
4.244964729141117,0.075047890694488,34.48450203896371,-56.56341157437612,0,0,2.6,49.48591431017915,0.8,1.0
2.3453388777212254,0.04084044742607113,29.323248801611015,-57.42686541244996,0,0,2.6,50.324661072826444,0.8,1.0
1.0,0.017138407971991298,24.257084108562395,-58.348476803345164,0,0,2.6,51.25849637977782,0.8,1.0
1.0,0.016865799584874934,19.28962840640628,-59.29158561191426,0,0,2.6,52.291040677621694,0.8,1.0
1.0,0.0166059375230326,14.425137024833361,-60.21942444459941,0,0,2.6,53.4265492960488,0.8,1.0
1.0,0.016367826470040214,9.66884018168193,-61.09546688012652,0,0,2.6,54.67025245289736,0.8,1.0
1.0,0.016159357125606608,5.0273631961024705,-61.883649963733376,0,0,2.6,56.02877546731791,0.8,1.0
1.0,0.01598760538056688,0.5092583954602503,-62.548454017729995,0,0,2.6,57.510670666675686,0.8,1.0
1.0,0.015859217791623303,-3.8743054613215975,-63.05481223217648,0,0,2.6,59.12710680989383,0.8,1.0
142.17775361765828,56.14674323555797,-8.589126455069447,-2.532252904165179,0,0,1.5,171.41087354493055,0.8,-0.09543473838966053
142.08568394060228,47.50119650771246,-8.712850752196715,-2.991202209349248,0,0,1.5,170.71454081746532,0.8,-0.09680945280218572
141.97838731775698,41.20222797849995,-8.830899929176155,-3.4458910181227047,0,0,1.5,170.01563492367276,0.8,-0.0981211103241795
141.8560031307417,36.40620441701021,-8.943658397007766,-3.8964787843816473,0,0,1.5,169.31414979389606,0.8,-0.09937398218897518
141.7186653429145,32.63052923530999,-9.051480437260864,-4.3431310697087495,0,0,1.5,168.61008386050912,0.8,-0.10057200485845404
141.56650230147827,29.579175523181842,-9.154692532028264,-4.786019211067243,0,0,1.5,167.903439736591,0.8,-0.10171880591142515
141.3996365498405,27.060473916823074,-9.253595510578322,-5.225320036318157,0,0,1.5,167.19422392257238,0.8,-0.10281772789531468
141.21818464880272,24.944851810709984,-9.348466527821785,-5.661215617571687,0,0,1.5,166.48244653795703,0.8,-0.10387185030913094
141.02225700546026,23.141570709298517,-9.439560888423586,-6.093893054061196,0,0,1.5,165.76812107550043,0.8,-0.10488400987137317
140.8119577089464,21.585192299800738,-9.527113729217916,-6.5235442776317685,0,0,1.5,165.05126417547785,0.8,-0.1058568192135324
140.58738437236502,20.227335783258017,-9.61134157151389,-6.950365875110845,0,0,1.5,164.33189541790068,0.8,-0.10679268412793211
140.34862798043025,19.03146065404012,-9.69244375390062,-7.374558922813743,0,0,1.5,163.61003713074635,0.8,-0.10769381948778466
140.09577274247553,17.96945406107607,-9.770603755269235,-7.796328829262503,0,0,1.5,162.88571421245103,0.8,-0.10856226394743594
139.8288959506137,17.01933423337115,-9.845990416951963,-8.21588518289042,0,0,1.5,162.1589539670837,0.8,-0.10939989352168848
139.54806784292722,16.163666157095818,-9.918759072134378,-8.633441602087649,0,0,1.5,161.42978595077116,0.8,-0.11020843413482642
139.25335147164748,15.388444463162763,-9.989052590014097,-9.049215585434615,0,0,1.5,160.69824182808247,0.8,-0.11098947322237886
138.94480257634723,14.682290316479133,-10.057002341557308,-9.46342836038313,0,0,1.5,159.96435523720498,0.8,-0.11174447046174786
138.62246946222137,14.035863945675839,-10.122729093133444,-9.876304728995903,0,0,1.5,159.22816166285835,0.8,-0.11247476770148271
138.2863928835734,13.44142815646675,-10.186343833787447,-10.288072909651568,0,0,1.5,158.48969831599547,0.8,-0.11318159815319385
137.93660593265628,12.89251941706639,-10.247948541431981,-10.698964373872773,0,0,1.5,157.74900401943177,0.8,-0.11386609490479979
137.57313393404195,12.383696805724849,-10.307636892804851,-11.109213677651036,0,0,1.5,157.0061190986301,0.8,-0.11452929880894279
137.19599434471036,11.910348131639026,-10.36549492163627,-11.519058286823588,0,0,1.5,156.26108527694504,0.8,-0.11517216579595856
136.80519666006143,11.468538592771019,-10.421601629106277,-11.92873839621502,0,0,1.5,155.51394557469928,0.8,-0.11579557365673641
136.4007423260609,11.05489146481041,-10.476029550334545,-12.338496742392048,0,0,1.5,154.7647442115306,0.8,-0.1164003283370505
135.9826246577336,10.666493179437898,-10.528845280340363,-12.748578409994314,0,0,1.5,154.01352651150248,0.8,-0.11698716978155958
135.5508287642185,10.300817164614994,-10.580109962626153,-13.15923063170735,0,0,1.5,153.26033881052732,0.8,-0.11755677736251281
135.10533148059312,9.955662255799536,-10.62987974328243,-13.570702582029572,0,0,1.5,152.50522836569596,0.8,-0.11810977492536033
134.64610130667344,9.629102523575504,-10.678206193274292,-13.983245165061998,0,0,1.5,151.74824326615195,0.8,-0.11864673548082547
134.1730983529808,9.319446120016815,-10.72513670135308,-14.397110796616602,0,0,1.5,150.9894323451882,0.8,-0.11916818557058978
133.68627429406203,9.025201304632455,-10.770714839839684,-14.812553180995923,0,0,1.5,150.22884509327804,0.8,-0.11967460933155204
133.18557232933222,8.745048227061984,-10.814980705341753,-15.229827082849342,0,0,1.5,149.46653157178665,0.8,-0.12016645228157503
132.6709271515977,8.47781535693665,-10.85797123630374,-15.649188094553718,0,0,1.5,148.7025423271352,0.8,-0.12064412484781933
132.1422649234003,8.22245968908588,-10.899720509133232,-16.0708923996064,0,0,1.5,147.9369283052188,0.8,-0.12110800565703592
131.59950326130675,7.978050034239353,-10.940260014509619,-16.495196532551425,0,0,1.5,147.1697407659002,0.8,-0.12155844460566242
131.04255122825086,7.7437528457290865,-10.979618915352063,-16.922357135987983,0,0,1.5,146.40103119742378,0.8,-0.12199576572613403
130.47130933401468,7.518820141747151,-11.017824287808338,-17.35263071523573,0,0,1.5,145.6308512306107,0.8,-0.12242026986453709
129.8856695439186,7.3025791680348835,-11.054901346517653,-17.786273391250436,0,0,1.5,144.85925255271414,0.8,-0.12283223718352948
129.28551529576742,7.0944235130691595,-11.090873655304733,-18.223540652401294,0,0,1.5,144.08628682082588,0.8,-0.12323192950338592
128.67072152508027,6.8938054410543765,-11.125763324372627,-18.664687105733094,0,0,1.5,143.31200557473767,0.8,-0.1236195924930292
128.04115469861176,6.700229250467445,-11.159591194981033,-19.109966228346426,0,0,1.5,142.5364601491711,0.8,-0.12399545772201148
127.39667285614823,6.51324549991934,-11.192377012522968,-19.559630119535015,0,0,1.5,141.75970158529708,0.8,-0.12435974458358853
126.73712566054533,6.332445970507061,-11.224139588846327,-20.013929254322093,0,0,1.5,140.98178054147218,0.8,-0.12471266209829253
126.06235445594734,6.157459256027198,-11.254896954605186,-20.473112239037853,0,0,1.5,140.20274720312355,0.8,-0.1250544106067243
125.37219233411176,5.987946890485136,-11.284666502371692,-20.937425569576863,0,0,1.5,139.4226511917167,0.8,-0.12538518335968546
124.6664642087373,5.823599937098032,-11.313465121189807,-21.407113392967727,0,0,1.5,138.64154147274047,0.8,-0.12570516801322007
123.94498689767582,5.6641359751095885,-11.341309323207525,-21.882417272879426,0,0,1.5,137.85946626264342,0.8,-0.12601454803563916
123.20756921288645,5.509296430724558,-11.368215362984017,-22.36357595967708,0,0,1.5,137.07647293465308,0.8,-0.12631350403315575
122.45401205796978,5.358844206736969,-11.394199350034228,-22.850825165625167,0,0,1.5,136.29260792340395,0.8,-0.1266022150003803
121.6841085331011,5.212561572290226,-11.41927735514082,-23.34439734582112,0,0,1.5,135.50791662829508,0.8,-0.12688085950156466
120.89764404716266,5.070248279927642,-11.443465510936676,-23.8445214854228,0,0,1.5,134.72244331548984,0.8,-0.1271496167881853
120.09439643685542,4.931719881874531,-11.46678010723781,-24.351422893712268,0,0,1.5,133.9362310184596,0.8,-0.12740866785819788
119.27413609255368,4.796806221503386,-11.489237681585536,-24.865323005516675,0,0,1.5,133.1493214369627,0.8,-0.1276581964620615
118.4366260906497,4.665350079307697,-11.510855105441266,-25.386439190480814,0,0,1.5,132.36175483433462,0.8,-0.1278983900604585
117.5816223321184,4.537205955555016,-11.531649666462556,-25.914984570660774,0,0,1.5,131.5735699329506,0.8,-0.12812944073847285
116.70887368701636,4.412238974196514,-11.551639147279246,-26.451167846879716,0,0,1.5,130.78480380770307,0.8,-0.1283515460808805
115.8181221446182,4.290323894650761,-11.570841901181097,-26.995193134257747,0,0,1.5,129.99549177731595,0.8,-0.1285649100131233
114.90910296887597,4.1713442198137685,-11.58927692512384,-27.547259807296875,0,0,1.5,129.20566729329445,0.8,-0.1287697436124871
113.98154485887818,4.05519139012503,-11.606963930459585,-28.10756235487171,0,0,1.5,128.4153618262838,0.8,-0.1289662658939954
113.03517011397324,3.941764054781575,-11.623923411798103,-28.67629024544364,0,0,1.5,127.62460474958131,0.8,-0.12915470457553446
112.06969480321038,3.8309674122724986,-11.640176714412974,-29.253627802782994,0,0,1.5,126.83342321951325,0.8,-0.12933529682681083
111.08482893874529,3.722712613333683,-11.655746100610514,-29.839754092451688,0,0,1.5,126.04184205235484,0.8,-0.1295082900067835
110.08027665284561,3.6169162202200393,-11.670654815495084,-30.434842819264624,0,0,1.5,125.24988359742956,0.8,-0.1296739423943898
109.05573637813012,3.513499716880827,-11.684927152575938,-31.039062235913974,0,0,1.5,124.45756760598238,0.8,-0.1298325239175104
108.01090103066389,3.412389065218049,-11.698588519680698,-31.65257506290892,0,0,1.5,123.66491109537255,0.8,-0.1299843168853411
106.94545819553281,3.3135143031242373,-11.711665505664143,-32.27553841994778,0,0,1.5,122.87192820807707,0.8,-0.1301296167296016
105.85909031451268,3.2168091804441135,-11.724185948425713,-32.90810376880911,0,0,1.5,122.07863006493788,0.8,-0.1302687327602857
104.75147487544885,3.1222108293962068,-11.73617900478331,-33.5504168678149,0,0,1.5,121.2850246120186,0.8,-0.13040198894203678
103.62228460296106,3.0296594663330354,-11.747675222787052,-34.2026177378875,0,0,1.5,120.49111646036262,0.8,-0.1305297246976339
102.47118765008494,2.9390981220190957,-11.758706617100444,-34.86484064019254,0,0,1.5,119.69690671786344,0.8,-0.13065229574556048
101.29784779046614,2.850472397871358,-11.7693067481259,-35.53721406532901,0,0,1.5,118.90239281236461,0.8,-0.13077007497917667
100.10192461072288,2.7637302458414963,-11.779510805610073,-36.21986073400011,0,0,1.5,118.10756830500539,0.8,-0.13088345339566748
98.88307370259477,2.678821769827591,-11.789355697529857,-36.912897609070455,0,0,1.5,117.31242269271159,0.8,-0.13099284108366507
97.6409468545015,2.5956990466891043,-11.798880145136167,-37.61643591888882,0,0,1.5,116.51694119860329,0.8,-0.13109866827929073
96.37519224213696,2.5143159651054545,-11.808124785121265,-38.33058119172975,0,0,1.5,115.72110454894244,0.8,-0.13120138650134738
95.0854546177317,2.4346280806683316,-11.817132279973265,-39.055433301184024,0,0,1.5,114.92488873508236,0.8,-0.13130146977748072
93.77137549762125,2.356592485733266,-11.82594743769917,-39.7910865223029,0,0,1.5,114.12826475869157,0.8,-0.13139941597443522
92.43259334776548,2.280167692678536,-11.834617342229592,-40.53762959827923,0,0,1.5,113.33119835831452,0.8,-0.13149574824699548
91.06874376687168,2.2053135293311463,-11.843191495970416,-41.295145817425826,0,0,1.5,112.53364971509176,0.8,-0.13159101662189351
89.67945966678158,2.1319910454214757,-11.851721976143637,-42.06371310018929,0,0,1.5,111.73557313518715,0.8,-0.1316857997349293
88.26437144979346,2.0601624290215943,-11.860263606763311,-42.84340409591476,0,0,1.5,110.9369167061579,0.8,-0.13178070674181458
86.82310718259771,1.9897909320079237,-11.868874148326881,-43.634286289054195,0,0,1.5,110.13762192414346,0.8,-0.13187637942585423
85.35529276651707,1.9208408036679574,-11.877614507576993,-44.43642211448557,0,0,1.5,109.3376232883382,0.8,-0.13197349452863325
83.86055210375335,1.8532772316436292,-11.886548970005379,-45.2498690815833,0,0,1.5,108.53684785873804,-0.8,-0.19810914950008965
82.46633441903504,2.1471986125754468,-11.482522206816611,-38.40647713539699,0,0,1.5,107.75221972492626,-0.8,-0.1913753701136102
81.30014734772041,2.5754092481160007,-11.085536241071168,-31.567855635835055,0,0,1.5,107.00095346999005,-0.8,-0.18475893735118612
80.36182322394333,3.248976702381939,-10.694905729283846,-24.734502763601615,0,0,1.5,106.28303035767027,-0.8,-0.17824842882139744
79.65118191812178,4.448128056380023,-10.310157191947354,-17.90667465247022,0,0,1.5,105.59828832207836,-0.8,-0.17183595319912257
79.16803797663019,7.1422672004155165,-9.931014239542549,-11.084440802218156,0,0,1.5,104.94641555528844,-0.8,-0.1655169039923758
78.9122060151397,18.49042584665891,-9.557379834035743,-4.2677332944929764,0,0,1.5,104.32694853684097,-0.8,-0.1592896639005957
78.88350457670757,31.01241567431696,-9.189315884668986,2.543610449605679,0,0,1.5,103.73927450280415,-0.8,-0.1531552647444831
79.08175867319883,8.45811258242164,-8.827020646904884,9.349811545137527,0,0,1.5,103.18263815210136,-0.8,-0.14711701078174808
79.5068012320933,4.922680307723336,-8.470804535273714,16.151120174786236,0,0,1.5,102.65615219904203,-0.8,-0.14118007558789525
80.15847366838804,3.4930799246512354,-8.121065063211603,22.94779260637485,0,0,1.5,102.15881121757677,-0.8,-0.13535108438686005
81.0366257922625,2.7248292965159377,-7.7782616778979445,29.740074321675404,0,0,1.5,101.68950809656926,-0.8,-0.1296376946316324
82.14111524746164,2.2487048548490107,-7.442891262132775,36.52818869063055,0,0,1.5,101.24705234454464,1.0,-1.0
83.31844229132687,2.439855667352483,-1.8479997223072928,34.14892258021833,0,0,1.5,100.84194388437012,1.0,-1.0
84.42062615509693,2.6354972741402194,3.7989700074106167,32.032143225280905,0,0,1.5,100.48891361408802,1.0,-1.0
85.45767593876514,2.824716893426136,9.502892869417167,30.2535366066765,0,0,1.5,100.1928364760946,1.0,-1.0
86.44212842089064,2.992229183336772,15.268160674926719,28.888872851809786,0,0,1.5,99.95810428160415,0.8,0.169646229721408
87.3815161737551,3.1804218063413643,14.046660481502556,27.47481984921851,0,0,1.5,99.75448146650842,0.8,0.1560740053500284
88.27404424325223,3.385083356007769,12.904657862867396,26.07736204976621,0,0,1.5,99.54892287997342,0.8,0.1433850873651933
89.1202464274894,3.6087919890217948,11.836810449254017,24.695312641626234,0,0,1.5,99.34138599055123,0.8,0.1315201161028224
89.92061704984627,3.8547052759753337,10.838160238001393,23.327494740073007,0,0,1.5,99.13185647591553,0.8,0.12042400264445992
90.67561157358625,4.126728800875664,9.904103082990957,21.97275758812779,0,0,1.5,98.92034333677184,0.8,0.11004558981101063
91.38564768246488,4.429747884058641,9.030360906710314,20.62998844953116,0,0,1.5,98.70687469935729,0.8,0.10033734340789238
92.05110669835238,4.769951772094253,8.212956362049368,19.298121049542022,0,0,1.5,98.49149421514367,0.8,0.09125507068943743
92.67233523282286,5.155296337285442,7.448189700502951,17.97614126710321,0,0,1.5,98.27425797773388,0.8,0.08275766333892168
93.24964699095176,5.59617953968683,6.732617629862261,16.66309065490957,0,0,1.5,98.05523188712671,0.8,0.07480686255402512
93.78332466297925,6.106453174076901,6.063033967978583,15.358068258200682,0,0,1.5,97.83448940056718,0.8,0.06736704408865092
94.27362185369611,6.704983800042027,5.4364519200508425,14.060231115413762,0,0,1.5,97.61210961717134,0.8,0.06040502133389825
94.72076501094509,7.418145116578039,4.8500878253860265,12.76879375131979,0,0,1.5,97.38817565050995,0.8,0.0538898647265114
95.1249553239602,8.283961715043484,4.301346235964786,11.483026913465265,0,0,1.5,97.16277324944777,0.8,0.04779273595516429
95.48637056979152,9.359339039952491,3.7878062036457436,10.202255753551183,0,0,1.5,96.93598963285972,0.8,0.042086735596063816
95.80516689209256,10.733441090404424,3.30720866568214,8.925857615014191,0,0,1.5,96.7079125084725,0.8,0.036746762952023775
96.08148050132868,12.554321437873265,2.8574448295932484,7.65325955503057,0,0,1.5,96.47862925009572,0.8,0.031749386995480536
96.31542928937199,15.08715528830916,2.4365454685045904,6.383935702180089,0,0,1.5,96.24822621097996,0.8,0.027072727427828784
96.50711435430131,18.858605726179523,2.042671047010515,5.117404529027833,0,0,1.5,96.01678815405288,0.8,0.0226963449667835
96.65662143368309,25.084596361419642,1.6741026055386783,3.8532261010323423,0,0,1.5,95.78439778238172,0.8,0.01860114006154087
96.7640222463524,37.34621635222668,1.3292333382474908,2.590999348735446,0,0,1.5,95.55113535545979,0.8,0.014769259313861008
96.8293757440907,72.784373794963,1.0065608057611826,1.3303593985278157,0,0,1.5,95.31707837885664,0.8,0.011184008952902029
96.85272927560985,1364.6036740877848,0.7046797296344778,0.07097498791387492,0,0,1.5,95.08230135644736,0.8,0.00782977477371642
96.8341196659882,81.54767960457048,0.4222753204300602,-1.1874540162950384,0,0,1.5,94.84687559588525,0.8,0.004691948004778447
96.77357421521594,39.576973012399904,0.15811709574711585,-2.445198984391649,0,0,1.5,94.61086905923095,0.8,0.0017568566194123983
96.67111161983959,26.10965216862858,-0.08894685146873371,-3.702504767029889,0,0,1.5,94.37434625173161,0.8,-0.0009882983496525969
96.52674282189213,19.462638558825894,-0.3199951704294506,-4.95959181126134,0,0,1.5,94.13736814267297,0.8,-0.003555501893660562
96.34047178937965,15.49714806468549,-0.536038188707181,-6.21665814814778,0,0,1.5,93.89999211303328,0.8,-0.0059559798745242335
96.11229623259783,12.859756929479378,-0.7380224971338407,-7.47388125293974,0,0,1.5,93.66227192535948,0.8,-0.008200249968153786
95.84220826048906,10.976703751540331,-0.9268352107993962,-8.731419780463673,0,0,1.5,93.424257711885,0.8,-0.01029816900888218
95.53019498114179,9.563141912095627,-1.1033079312072118,-9.989415179577493,0,0,1.5,93.18599597742389,0.8,-0.012258977013413466
95.17623905038994,8.461619546762037,-1.268220432532189,-11.247993191422855,0,0,1.5,92.94752961401842,0.8,-0.014091338139246545
94.78031917230024,7.578021044398457,-1.4223040930157538,-12.507265236794272,0,0,1.5,92.70889792469939,0.8,-0.015803378811286153
94.34241055515335,6.852629567423622,-1.5662450908028234,-13.767329698316553,0,0,1.5,92.4701366540446,0.8,-0.017402723231142482
93.86248532632996,6.245726616824884,-1.7006873819606199,-15.02827310332172,0,0,1.5,92.23127802349993,0.8,-0.01889652646622911
93.3405129093135,5.729866904814141,-1.8262354769974536,-16.290171213381992,0,0,1.5,91.99235076966575,0.8,-0.020291505299971705
92.77646036582632,5.285477384676962,-1.9434570309119863,-17.553090026417102,0,0,1.5,91.75338018395135,0.8,-0.02159396701013318
92.17029270591692,4.898223311036186,-2.052885260633019,-18.81708669718019,0,0,1.5,91.51438815216953,0.8,-0.022809836229255767
91.5219731686272,4.557365520470306,-2.155021202644832,-20.08221038175196,0,0,1.5,91.2753931927822,0.8,-0.023944680029387024
90.83146347568356,4.2546994244479475,-2.250335822628813,-21.348503011459865,0,0,1.5,91.0364104926219,0.8,-0.025003731362542365
90.09872406047828,3.983848782053332,-2.339271988071715,-22.616000001395665,0,0,1.5,90.79745193900372,0.8,-0.025991910978574614
89.32371427444141,3.73978315494683,-2.422246313992929,-23.884730898444662,0,0,1.5,90.55852614721105,0.8,-0.026913847933254766
88.50639257274105,3.5184805343129484,-2.4996508912192326,-25.154719973468218,0,0,1.5,90.31963848238522,0.8,-0.027773898791324806
87.64671668110316,3.316686618760836,-2.5718549059769487,-26.42598676200807,0,0,1.5,90.08079107487956,0.8,-0.028576165621966097
86.7446437453967,3.1317399115144195,-2.63920615897689,-27.69854655760653,0,0,1.5,89.84198282814783,0.8,-0.029324512877521
85.80013046550215,2.9614425556595534,-2.702032491630632,-28.972410861568545,0,0,1.5,89.60320941822894,0.8,-0.030022583240340357
84.81313321485484,2.8039635357381294,-2.760643126553134,-30.24758779273077,0,0,1.5,89.36446328386441,0.8,-0.030673812517257044
83.78360814694142,2.657765162611422,-2.815329929074778,-31.524082460550705,0,0,1.5,89.12573360623924,-0.8,-0.046922165484579635
82.8445369935593,3.3377229854414843,-2.7685070369244613,-24.82067485975064,0,0,1.5,88.89102350548207,-0.8,-0.04614178394874102
82.12887092153326,4.532559793025836,-2.718113714772187,-18.119754547508318,0,0,1.5,88.6645661239419,-0.8,-0.045301895246203115
81.63652930408583,7.147817931086515,-2.6642709418757704,-11.421181973458092,0,0,1.5,88.44659752536111,-0.8,-0.044404515697929504
81.3674363180468,17.22131722932538,-2.6071513915005937,-4.724809097615947,0,0,1.5,88.2372899815487,-0.8,-0.04345252319167656
81.32152116681195,41.2900836560864,-2.546975678682543,1.9695169872784861,0,0,1.5,88.03675055521668,-0.8,-0.04244959464470905
81.49871818435733,9.408818202220587,-2.4840074141246475,8.661950569426745,0,0,1.5,87.84502125190633,-0.8,-0.041400123568744125
81.89896682719765,5.334518683331157,-2.418547224086069,15.352644106976037,0,0,1.5,87.66208070053246,-0.8,-0.04030912040143449
82.52221156545255,3.7439054865389294,-2.3509259476938382,22.04174540787903,0,0,1.5,87.48784725451607,-0.8,-0.03918209912823064
83.36840168754426,2.901850208111575,-2.2814972616081093,28.72939528529199,0,0,1.5,87.32218334583241,-0.8,-0.03802495436013516
84.14336663153216,5.479728856036406,-57.237775354603144,-15.355388713958137,0,0,1.5,32.13775552667658,0.8,-0.6359752817178127
83.59299825571898,4.728987827862896,-53.970009331267676,-17.676720959862564,0,0,1.5,31.58966985970516,-0.8,-0.8995001555211279
83.03513172897047,5.311911517695189,-49.072782354855434,-15.631874034867016,0,0,1.5,31.089895902990655,-0.8,-0.8178797059142572
82.56408611461649,6.608980476995459,-44.573148362767625,-12.492711455572547,0,0,1.5,30.682251659592914,-0.8,-0.7428858060461271
82.21281853530323,9.708732220916938,-40.44061069086118,-8.467925231080137,0,0,1.5,30.357474495222593,-0.8,-0.6740101781810196
82.00782772440928,21.94966583790649,-36.64811175404728,-3.736176592847438,0,0,1.5,30.10591236295038,-0.8,-0.6108018625674546
81.97012507029444,52.818081856710336,-33.171318589694835,1.5519330159067573,0,0,1.5,29.917894351898084,-0.8,-0.5528553098282473
82.08860117906394,18.238756615072205,-29.995034205521847,4.5007783650793,0,0,1.5,29.777046877101593,-0.8,-0.4999172367586974
82.25892240401714,14.35989803927778,-27.123818660135186,5.728377888131181,0,0,1.5,29.64875900193607,-0.8,-0.45206364433558643
82.47099677341987,11.775164150928292,-24.532046171128115,7.003808670210198,0,0,1.5,29.528149624929625,-0.8,-0.4088674361854686
82.72619044163062,9.950446420589719,-22.193176474732894,8.313816983170872,0,0,1.5,29.413814704212033,-0.8,-0.36988627457888157
83.02548149577737,8.605199445791218,-20.083141231158095,9.648292525792058,0,0,1.5,29.304532300313536,-0.8,-0.3347190205193016
83.36955358706382,7.5793184409486,-18.18010778498092,10.999610880134703,0,0,1.5,29.199251623374902,-0.8,-0.30300179641634867
83.7588695934262,6.7754605155595415,-16.464269273482216,12.36209249556952,0,0,1.5,29.097079356375527,-0.8,-0.2744044878913703
84.19372897420669,6.1314011780926405,-14.917656982083173,13.731564209993143,0,0,1.5,28.99726472042635,0.8,-0.1657517442453686
84.54475445478027,11.547145314512125,-14.034447290485502,7.32170178446848,0,0,1.5,28.885963946551794,0.8,-0.1559383032276167
84.70125387875234,25.225326423792552,-13.23114558284027,3.3577862365682623,0,0,1.5,28.75363583483134,0.8,-0.1470127286982252
84.79186061894276,40.81490271328215,-12.487722777360858,2.0774730547464824,0,0,1.5,28.614982268121402,0.8,-0.13875247530400953
84.83968783720613,107.23056069889431,-11.797347812041181,0.7911894452873167,0,0,1.5,28.472842381617006,0.8,-0.13108164235601313
84.84455593712067,169.7138974940283,-11.156114140050903,-0.4999269782258468,0,0,1.5,28.327586199471217,0.8,-0.12395682377834337
84.8063198601017,47.247514963099206,-10.560422038878386,-1.794937150161999,0,0,1.5,28.179537357973665,0.8,-0.11733802265420429
84.72486304091709,27.391863078903903,-10.006953598996148,-3.093066827797074,0,0,1.5,28.028977661930693,0.8,-0.11118837332217943
84.60009239255447,19.254957648876925,-9.492649822892929,-4.393678445586657,0,0,1.5,27.876151198100832,0.8,-0.10547388692103254
84.43193414976804,14.822377709961724,-9.014689661490308,-5.696247646760721,0,0,1.5,27.721268037977246,0.8,-0.10016321846100343
84.22033042832288,12.030885006229044,-8.570470826493647,-7.000343730716189,0,0,1.5,27.564507562207876,0.8,-0.0952274536277072
83.9652363803034,10.109456411059,-8.157592228906253,-8.305613374864707,0,0,1.5,27.406021438029047,-0.8,-0.13595987048177088
83.79858005080482,49.57006580325343,-7.493861636065702,-1.6905077427858664,0,0,1.5,27.253992807978957,-0.8,-0.12489769393442837
83.85179329224167,19.089490655072535,-6.883283090318173,4.392563154636095,0,0,1.5,27.115185190119902,-0.8,-0.11472138483863621
84.02066146652012,14.637892533358993,-6.3274336783512695,5.739942500263711,0,0,1.5,26.982706293054996,0.8,-0.07030481864834744
84.1555627946627,25.76751252600681,-6.039426875654385,3.265956025430301,0,0,1.5,26.8488841838618,0.8,-0.0671047430628265
84.24268787639991,42.95066833302089,-5.772470908964095,1.9613824684453935,0,0,1.5,26.713211692175133,0.8,-0.06413856565515662
84.28631259492994,128.4933390161335,-5.52483574833758,0.6559586141998149,0,0,1.5,26.576015458870728,0.8,-0.061387063870417556
84.28641140279544,129.64122001666132,-5.2951265589366585,-0.6501513283503738,0,0,1.5,26.437402265049123,0.8,-0.05883473954374065
84.24296377230414,43.0511763414949,-5.082059216496333,-1.956809800133301,0,0,1.5,26.297461170227013,0.8,-0.056467324627737035
84.15595338462376,25.783853300476622,-4.8844512023761695,-3.263901341816435,0,0,1.5,26.15626523658076,0.8,-0.05427168002640188
83.5330315393781,2.191277029348893,-3.9231404835632873,-38.120707888860025,0,0,1.5,26.791945875235218,-0.8,-0.06538567472605479
82.3766371483834,2.634976920367286,-3.94317364021299,-31.26275471775329,0,0,1.5,26.379598670229186,-0.8,-0.0657195606702165
81.41206728205461,2.925277985612772,-3.961968464687544,-27.83054044178329,0,0,1.5,25.96648648173335,-0.8,-0.06603280774479241
80.51008007261382,3.0626088207627578,-3.9830949418738726,-26.288071635790036,0,0,1.5,25.549163158078255,-0.8,-0.06638491569789788
79.65957044589584,3.2196233252716646,-4.006540466051774,-24.741891332637287,0,0,1.5,25.127408139712955,-0.8,-0.06677567443419624
78.86066157084122,3.40033406754604,-4.031955986090708,-23.19203348974283,0,0,1.5,24.701338573068863,-0.8,-0.06719926643484513
78.11347538435064,3.6099238818136197,-4.059016132934175,-21.638538080505608,0,0,1.5,24.271082827616322,-0.8,-0.06765026888223626
77.41813238781972,3.855206049138154,-4.087417224483772,-20.081451263837597,0,0,1.5,23.8367801227733,-0.8,-0.06812362040806287
76.77475143881426,4.145320164725924,-4.116875498857127,-18.520825506343098,0,0,1.5,23.39858012595158,-0.8,-0.06861459164761878
76.1834495394261,4.492817659883767,-4.147125555575855,-16.956719659394555,0,0,1.5,22.956642519347128,-0.8,-0.06911875925959758
75.64434162278486,4.915417732790244,-4.177918985599064,-15.38919899282807,0,0,1.5,22.511136533766347,-0.8,-0.06963198309331772
75.15754033914698,5.438972157210107,-4.2090231723356055,-13.81833518664281,0,0,1.5,22.062240448469886,-0.8,-0.07015038620559343
74.72315584294417,6.102735785609023,-4.240220246862691,-12.244206281902333,0,0,1.5,21.610141056709264,-0.8,-0.07067033744771152
74.3412955821317,6.969346233099408,-4.271306181567013,-10.66689659197354,0,0,1.5,21.155033097318658,-0.8,-0.07118843635945021
74.01206409114033,8.145280579594772,-4.302090007330804,-9.086496575274813,0,0,1.5,20.697118653398153,-0.8,-0.07170150012218007
73.73556278869401,9.827342903823013,-4.332393140222962,-7.5031026708154815,0,0,1.5,20.236606519772934,-0.8,-0.07220655233704937
73.51188978171031,12.424228865694205,-4.362048804442907,-5.9168170979763115,0,0,1.5,19.773711541530687,-0.8,-0.07270081340738178
73.34113967644936,16.946722886623036,-4.390901539015374,-4.327747622187266,0,0,1.5,19.30865392651393,-0.8,-0.0731816923169229
73.22340339801676,26.76286854526005,-4.418806776460201,-2.736007288388572,0,0,1.5,18.84165853516756,-0.8,-0.07364677960767002
73.15876801925955,64.07800907042552,-4.445630482375407,-1.1417141244019262,0,0,1.5,18.37295415160633,-0.8,-0.07409384137292345
73.14731660002079,160.76008851037707,-4.471248845579765,0.45500918342240854,0,0,1.5,17.902772740164433,-0.8,-0.07452081409299609
73.1891280376322,35.6318686119236,-4.49554800917312,2.0540356396897104,0,0,1.5,17.43134869201311,-0.8,-0.07492580015288534
73.28427692943883,20.049132471025594,-4.518423833590447,3.6552343117761867,0,0,1.5,16.958918066678468,-0.8,-0.07530706389317411
73.43283344804827,13.964674777940914,-4.539781683454464,5.25847072099705,0,0,1.5,16.485717833455396,-0.8,-0.0756630280575744
73.63486322989988,10.728303725401167,-4.559536230770419,6.863607250003208,0,0,1.5,16.011985117794005,-0.8,-0.07599227051284033
73.89042727764014,8.723262640355506,-4.577611267754605,8.470503563174711,0,0,1.5,15.537956457732793,-0.8,-0.07629352112924342
74.19958187668172,7.361787524161098,-4.5939395233451705,10.079017036713108,0,0,1.5,15.063867075366767,-0.8,-0.07656565872241951
74.56237852621577,6.378848331345289,-4.608462478200181,11.68900319510978,0,0,1.5,14.589950168177221,-0.8,-0.07680770797000301
74.9788638848326,5.637374558270544,-4.621130173744433,13.300316150686095,0,0,1.5,14.11643622481296,-0.8,-0.07701883622907388
75.44907973079954,5.0593472707551825,-4.631901011572836,14.912809042961316,0,0,1.5,13.643552369610122,-0.8,-0.0771983501928806
75.97306293693792,4.597090967342366,-4.64074154024911,16.52633447470344,0,0,1.5,13.17152173977656,-0.8,-0.07734569233748516
76.55084545993617,4.2198292135268,-4.647626227245723,18.140744941655445,0,0,1.5,12.700562898755022,-0.8,-0.07746043712076206
77.18245434384153,3.9068066098068033,-4.6525372144481025,19.75589325309816,0,0,1.5,12.230889288828077,-0.8,-0.07754228690746838
77.86791173737939,3.643517177829431,-4.655464056286007,21.37163294061042,0,0,1.5,11.762708725545362,-0.8,-0.07759106760476679
78.60723492466627,3.4195169238358036,-4.656403440151394,22.98781865260942,0,0,1.5,11.296222936051377,-0.8,-0.07760672400252323
79.40043636880466,3.2270950723174194,-4.655358889305859,24.604306532495855,0,0,1.5,10.831627142881771,-0.8,-0.07758931482176432
80.2475237677809,3.0604348719487686,-4.652340448974655,26.220954578485223,0,0,1.5,10.369109694282397,-0.8,-0.07753900748291093
81.14850012202697,2.915065706946653,-4.6473643567556735,27.837622983471235,0,0,1.5,9.908851741603906,-0.8,-0.07745607261259456
82.1033638129565,2.7874949930262676,-4.640452698844115,29.454174453536968,0,0,1.5,9.451026963839887,-0.8,-0.07734087831406858
83.11210869174408,2.6749545997775863,-4.631633053883803,31.070474503998902,0,0,1.5,8.995801338915797,1.0,1.0
84.01508000292242,3.6455722530017876,-11.053929292991853,23.045786552095866,0,0,1.5,8.573505099807754,0.8,-0.12282143658879836
84.67917926970952,5.040601467349345,-10.722605898947592,16.79941963637109,0,0,1.5,8.167899874319222,0.8,-0.11914006554386213
85.13496479461907,8.071619819672676,-10.433560621410408,10.547444837171666,0,0,1.5,7.742104758593243,0.8,-0.11592845134900452
85.38230919848368,19.88697173224902,-10.183311792640836,4.293379120161689,0,0,1.5,7.296782879268767,0.8,-0.1131479088071204
85.42119440452984,43.58849713269062,-9.96890397523245,-1.9597187336946615,0,0,1.5,6.832303243834434,0.8,-0.110765599724805
85.25169854741878,10.38499793518808,-9.787847006438852,-8.20912041383808,0,0,1.5,6.348766614279195,0.8,-0.10875385562709836
84.87398673018478,5.872687806923886,-9.638066907500189,-14.4523239648664,0,0,1.5,5.846023579455282,0.8,-0.10708963230555765
84.3221173816286,4.840186221352329,-9.515450362325282,-17.421254787603882,0,0,1.5,5.326102330796844,0.8,-0.10572722624805869
83.72520949943197,4.552187930489288,-9.409325719234147,-18.39230075249394,0,0,1.5,4.797863616399634,-0.8,-0.15682209532056912
83.18748790323741,5.5372570550938605,-8.99766611762189,-15.023230288128158,0,0,1.5,4.26859064608847,-0.8,-0.14996110196036483
82.71449234579177,6.193187240736289,-8.627706479704528,-13.355722850058397,0,0,1.5,3.738783672243624,-0.8,-0.14379510799507547
82.29715226544826,7.043590810334726,-8.295890037396617,-11.683976892112694,0,0,1.5,3.207829466581088,-0.8,-0.1382648339566103
81.93560032741871,8.186599973179204,-7.998339665513669,-10.00850177068071,0,0,1.5,2.675790834724393,-0.8,-0.13330566109189448
81.6299533605972,9.799819931410022,-7.731532330866486,-8.32974013113852,0,0,1.5,2.14276420282019,-0.8,-0.1288588721811081
81.38031431302886,12.241168957049345,-7.492267750332104,-6.6480835775217555,0,0,1.5,1.6088755502679242,-0.8,-0.12487112917220174
81.18677374618287,16.3554912431407,-7.277639911062948,-4.96388476134776,0,0,1.5,1.0742766145038782,-0.8,-0.1212939985177158
81.04941097463609,24.729286341616206,-7.085011182578853,-3.277466638341292,0,0,1.5,0.5391413518816723,-0.8,-0.11808351970964755
80.96829493535466,50.95135124090595,-6.9119887763185375,-1.589129492415695,0,0,1.5,0.0036626398841102235,-0.8,-0.11519981293864229
80.94348485283439,802.6620327485813,-6.756403331361128,0.10084379421268629,0,0,1.5,-0.5319507927903444,-0.8,-0.11260672218935212
80.9750307520477,45.18232383109942,-6.6162894258421545,1.792183842839704,0,0,1.5,-1.0674772204074878,-0.8,-0.11027149043070257
81.06297385973915,23.262994505862334,-6.489867832379474,3.48463194793392,0,0,1.5,-1.6026845695290022,-0.8,-0.10816446387299124
81.20734692553964,15.68333683813883,-6.375529352850549,5.177938072978139,0,0,1.5,-2.137332873238041,-0.8,-0.10625882254750915
81.40817448716382,11.846600576547935,-6.271820083323405,6.871859480796805,0,0,1.5,-2.6711765389959563,-0.8,-0.10453033472205675
81.66547309824847,9.533498622542828,-6.177427974009447,8.566159846621575,0,0,1.5,-3.203966438014318,-0.8,-0.10295713290015746
81.97925153287306,7.98970642558862,-6.0911705619275835,10.26060873404788,0,0,1.5,-3.735451823333411,-0.8,-0.10151950936545973
82.34951097724417,6.888301088793353,-6.011983765657192,11.95498133947998,0,0,1.5,-4.265382083255764,-0.8,-0.10019972942761986
82.7762452162246,6.064612122149764,-5.938911642221655,13.649058430942544,0,0,1.5,-4.79350833638595,-0.8,-0.09898186070369425
83.25944082019191,5.426674581206209,-5.871097015873346,15.342626423286562,0,0,1.5,-5.319584874259825,-0.8,-0.09785161693122243
83.79907733599939,4.919091766946976,-5.807772897417522,17.03547754467063,0,0,1.5,-5.843370457391326,-0.8,-0.0967962149569587
84.39512748448263,4.506502886234535,-5.748254620790419,18.72741005942194,0,0,1.5,-6.364629470505979,0.8,-0.06386949578656022
84.9147936106443,6.818249910998839,-5.888724248308961,12.454045351676573,0,0,1.5,-6.888316072743842,0.8,-0.06543026942565512
85.22550750558534,13.76728264889066,-6.028133939323652,6.190437843044694,0,0,1.5,-7.420307380312448,0.8,-0.06697926599248502
85.32760919087303,1364.9700916112351,-6.167747342408973,-0.06251243870856599,0,0,1.5,-7.961796379352669,0.8,-0.06853052602676636
85.22147006468504,13.519020662579267,-6.308776519365665,-6.303819795214796,0,0,1.5,-8.514008712469938,0.8,-0.07009751688184072
84.97354437871724,10.686691432643388,-6.4492199767352645,-7.951342556701738,0,0,1.5,-9.075037271130613,0.8,-0.07165799974150294
84.69304199347474,9.539574785535358,-6.5845233270925405,-8.87807306903164,0,0,1.5,-9.64028861993687,0.8,-0.07316137030102823
84.38172120944694,8.610003716006482,-6.71513728275778,-9.800427966433576,0,0,1.5,-10.209870797408287,0.8,-0.07461263647508645
84.03972934759923,7.840756320572517,-6.841554936675777,-10.71831924263434,0,0,1.5,-10.783964270176837,0.8,-0.0760172770741753
83.66721667329776,7.193060151998932,-6.964235395430137,-11.631658140665884,0,0,1.5,-11.362748391376243,-0.8,-0.11607058992383562
83.39652606259853,17.5588957056458,-6.844301837854005,-4.749531374902103,0,0,1.5,-11.939238373343123,-0.8,-0.11407169729756675
83.2670203428491,27.564997597455303,-6.73129018761,-3.020751953576662,0,0,1.5,-12.510656906884575,-0.8,-0.1121881697935
83.19514453408621,64.4033668611201,-6.628449457649026,-1.2917825354300008,0,0,1.5,-13.080945195684588,-0.8,-0.11047415762748376
83.18090001572645,190.31016831532403,-6.534522761073106,0.4370806917573863,0,0,1.5,-13.649863444873562,-0.8,-0.10890871268455177
83.22427848282345,38.43096123991958,-6.448372597182811,2.165552871895785,0,0,1.5,-14.217165557090581,-0.8,-0.10747287661971351
83.32526230800227,21.401892373339003,-6.36897106550191,3.8933595615966703,0,0,1.5,-14.782601285127953,-0.8,-0.10614951775836516
83.48382487851325,14.854148953428707,-6.295390907862441,5.6202361468337845,0,0,1.5,-15.345918234038683,-0.8,-0.10492318179770735
83.69993091815473,11.394058925052473,-6.226797297797532,7.345927510882104,0,0,1.5,-15.906863714760002,-0.8,-0.1037799549632922
83.97353680128822,9.258191545555762,-6.162440304491611,9.07018788584022,0,0,1.5,-16.46518645123379,-0.8,-0.10270733840819352
84.30459086414149,7.811201965800905,-6.1016479658822504,10.792780833634161,0,0,1.5,-17.020638143073608,0.8,-0.06779608850980279
84.56044370983071,18.54375694136931,-6.253108366693766,4.560049184056367,0,0,1.5,-17.578875074943955,0.8,-0.06947898185215295
84.61205722332468,134.1268516585428,-6.403753567193746,-0.6308360792567338,0,0,1.5,-18.14639416655684,0.8,-0.07115281741326385
84.57574412308011,54.651603027073676,-6.54917017945229,-1.5475437029940808,0,0,1.5,-18.718727683294986,0.8,-0.07276855754946988
84.50891458401841,34.32793950276746,-6.687284628654652,-2.461811451782751,0,0,1.5,-19.29345347779414,0.8,-0.07430316254060725
84.4116506060789,25.02124019115711,-6.818742409828644,-3.37359978806771,0,0,1.5,-19.87073023421177,0.8,-0.0757638045536516
84.28403546516074,19.67932838394503,-6.944140782764009,-4.282871540165066,0,0,1.5,-20.450711434469063,0.8,-0.077157119808489
142.17775361765828,56.14674323555797,-8.589126455069447,-2.532252904165179,0,0,1.5,171.41087354493055,0.8,-0.09543473838966053
142.08568394060228,47.50119650771246,-8.712850752196715,-2.991202209349248,0,0,1.5,170.71454081746532,0.8,-0.09680945280218572
141.97838731775698,41.20222797849995,-8.830899929176155,-3.4458910181227047,0,0,1.5,170.01563492367276,0.8,-0.0981211103241795
141.8560031307417,36.40620441701021,-8.943658397007766,-3.8964787843816473,0,0,1.5,169.31414979389606,0.8,-0.09937398218897518
141.7186653429145,32.63052923530999,-9.051480437260864,-4.3431310697087495,0,0,1.5,168.61008386050912,0.8,-0.10057200485845404
141.56650230147827,29.579175523181842,-9.154692532028264,-4.786019211067243,0,0,1.5,167.903439736591,0.8,-0.10171880591142515
141.3996365498405,27.060473916823074,-9.253595510578322,-5.225320036318157,0,0,1.5,167.19422392257238,0.8,-0.10281772789531468
141.21818464880272,24.944851810709984,-9.348466527821785,-5.661215617571687,0,0,1.5,166.48244653795703,0.8,-0.10387185030913094
141.02225700546026,23.141570709298517,-9.439560888423586,-6.093893054061196,0,0,1.5,165.76812107550043,0.8,-0.10488400987137317
140.8119577089464,21.585192299800738,-9.527113729217916,-6.5235442776317685,0,0,1.5,165.05126417547785,0.8,-0.1058568192135324
140.58738437236502,20.227335783258017,-9.61134157151389,-6.950365875110845,0,0,1.5,164.33189541790068,0.8,-0.10679268412793211
140.34862798043025,19.03146065404012,-9.69244375390062,-7.374558922813743,0,0,1.5,163.61003713074635,0.8,-0.10769381948778466
140.09577274247553,17.96945406107607,-9.770603755269235,-7.796328829262503,0,0,1.5,162.88571421245103,0.8,-0.10856226394743594
139.8288959506137,17.01933423337115,-9.845990416951963,-8.21588518289042,0,0,1.5,162.1589539670837,0.8,-0.10939989352168848
139.54806784292722,16.163666157095818,-9.918759072134378,-8.633441602087649,0,0,1.5,161.42978595077116,0.8,-0.11020843413482642
139.25335147164748,15.388444463162763,-9.989052590014097,-9.049215585434615,0,0,1.5,160.69824182808247,0.8,-0.11098947322237886
138.94480257634723,14.682290316479133,-10.057002341557308,-9.46342836038313,0,0,1.5,159.96435523720498,0.8,-0.11174447046174786
138.62246946222137,14.035863945675839,-10.122729093133444,-9.876304728995903,0,0,1.5,159.22816166285835,0.8,-0.11247476770148271
138.2863928835734,13.44142815646675,-10.186343833787447,-10.288072909651568,0,0,1.5,158.48969831599547,0.8,-0.11318159815319385
137.93660593265628,12.89251941706639,-10.247948541431981,-10.698964373872773,0,0,1.5,157.74900401943177,0.8,-0.11386609490479979
137.57313393404195,12.383696805724849,-10.307636892804851,-11.109213677651036,0,0,1.5,157.0061190986301,0.8,-0.11452929880894279
137.19599434471036,11.910348131639026,-10.36549492163627,-11.519058286823588,0,0,1.5,156.26108527694504,0.8,-0.11517216579595856
136.80519666006143,11.468538592771019,-10.421601629106277,-11.92873839621502,0,0,1.5,155.51394557469928,0.8,-0.11579557365673641
136.4007423260609,11.05489146481041,-10.476029550334545,-12.338496742392048,0,0,1.5,154.7647442115306,0.8,-0.1164003283370505
135.9826246577336,10.666493179437898,-10.528845280340363,-12.748578409994314,0,0,1.5,154.01352651150248,0.8,-0.11698716978155958
135.5508287642185,10.300817164614994,-10.580109962626153,-13.15923063170735,0,0,1.5,153.26033881052732,0.8,-0.11755677736251281
135.10533148059312,9.955662255799536,-10.62987974328243,-13.570702582029572,0,0,1.5,152.50522836569596,0.8,-0.11810977492536033
134.64610130667344,9.629102523575504,-10.678206193274292,-13.983245165061998,0,0,1.5,151.74824326615195,0.8,-0.11864673548082547
134.1730983529808,9.319446120016815,-10.72513670135308,-14.397110796616602,0,0,1.5,150.9894323451882,0.8,-0.11916818557058978
133.68627429406203,9.025201304632455,-10.770714839839684,-14.812553180995923,0,0,1.5,150.22884509327804,0.8,-0.11967460933155204
133.18557232933222,8.745048227061984,-10.814980705341753,-15.229827082849342,0,0,1.5,149.46653157178665,0.8,-0.12016645228157503
132.6709271515977,8.47781535693665,-10.85797123630374,-15.649188094553718,0,0,1.5,148.7025423271352,0.8,-0.12064412484781933
132.1422649234003,8.22245968908588,-10.899720509133232,-16.0708923996064,0,0,1.5,147.9369283052188,0.8,-0.12110800565703592
131.59950326130675,7.978050034239353,-10.940260014509619,-16.495196532551425,0,0,1.5,147.1697407659002,0.8,-0.12155844460566242
131.04255122825086,7.7437528457290865,-10.979618915352063,-16.922357135987983,0,0,1.5,146.40103119742378,0.8,-0.12199576572613403
130.47130933401468,7.518820141747151,-11.017824287808338,-17.35263071523573,0,0,1.5,145.6308512306107,0.8,-0.12242026986453709
129.8856695439186,7.3025791680348835,-11.054901346517653,-17.786273391250436,0,0,1.5,144.85925255271414,0.8,-0.12283223718352948
129.28551529576742,7.0944235130691595,-11.090873655304733,-18.223540652401294,0,0,1.5,144.08628682082588,0.8,-0.12323192950338592
128.67072152508027,6.8938054410543765,-11.125763324372627,-18.664687105733094,0,0,1.5,143.31200557473767,0.8,-0.1236195924930292
128.04115469861176,6.700229250467445,-11.159591194981033,-19.109966228346426,0,0,1.5,142.5364601491711,0.8,-0.12399545772201148
127.39667285614823,6.51324549991934,-11.192377012522968,-19.559630119535015,0,0,1.5,141.75970158529708,0.8,-0.12435974458358853
126.73712566054533,6.332445970507061,-11.224139588846327,-20.013929254322093,0,0,1.5,140.98178054147218,0.8,-0.12471266209829253
126.06235445594734,6.157459256027198,-11.254896954605186,-20.473112239037853,0,0,1.5,140.20274720312355,0.8,-0.1250544106067243
125.37219233411176,5.987946890485136,-11.284666502371692,-20.937425569576863,0,0,1.5,139.4226511917167,0.8,-0.12538518335968546
124.6664642087373,5.823599937098032,-11.313465121189807,-21.407113392967727,0,0,1.5,138.64154147274047,0.8,-0.12570516801322007
123.94498689767582,5.6641359751095885,-11.341309323207525,-21.882417272879426,0,0,1.5,137.85946626264342,0.8,-0.12601454803563916
123.20756921288645,5.509296430724558,-11.368215362984017,-22.36357595967708,0,0,1.5,137.07647293465308,0.8,-0.12631350403315575
122.45401205796978,5.358844206736969,-11.394199350034228,-22.850825165625167,0,0,1.5,136.29260792340395,0.8,-0.1266022150003803
121.6841085331011,5.212561572290226,-11.41927735514082,-23.34439734582112,0,0,1.5,135.50791662829508,0.8,-0.12688085950156466
120.89764404716266,5.070248279927642,-11.443465510936676,-23.8445214854228,0,0,1.5,134.72244331548984,0.8,-0.1271496167881853
120.09439643685542,4.931719881874531,-11.46678010723781,-24.351422893712268,0,0,1.5,133.9362310184596,0.8,-0.12740866785819788
119.27413609255368,4.796806221503386,-11.489237681585536,-24.865323005516675,0,0,1.5,133.1493214369627,0.8,-0.1276581964620615
118.4366260906497,4.665350079307697,-11.510855105441266,-25.386439190480814,0,0,1.5,132.36175483433462,0.8,-0.1278983900604585
117.5816223321184,4.537205955555016,-11.531649666462556,-25.914984570660774,0,0,1.5,131.5735699329506,0.8,-0.12812944073847285
116.70887368701636,4.412238974196514,-11.551639147279246,-26.451167846879716,0,0,1.5,130.78480380770307,0.8,-0.1283515460808805
115.8181221446182,4.290323894650761,-11.570841901181097,-26.995193134257747,0,0,1.5,129.99549177731595,0.8,-0.1285649100131233
114.90910296887597,4.1713442198137685,-11.58927692512384,-27.547259807296875,0,0,1.5,129.20566729329445,0.8,-0.1287697436124871
113.98154485887818,4.05519139012503,-11.606963930459585,-28.10756235487171,0,0,1.5,128.4153618262838,0.8,-0.1289662658939954
113.03517011397324,3.941764054781575,-11.623923411798103,-28.67629024544364,0,0,1.5,127.62460474958131,0.8,-0.12915470457553446
112.06969480321038,3.8309674122724986,-11.640176714412974,-29.253627802782994,0,0,1.5,126.83342321951325,0.8,-0.12933529682681083
111.08482893874529,3.722712613333683,-11.655746100610514,-29.839754092451688,0,0,1.5,126.04184205235484,0.8,-0.1295082900067835
110.08027665284561,3.6169162202200393,-11.670654815495084,-30.434842819264624,0,0,1.5,125.24988359742956,0.8,-0.1296739423943898
109.05573637813012,3.513499716880827,-11.684927152575938,-31.039062235913974,0,0,1.5,124.45756760598238,0.8,-0.1298325239175104
108.01090103066389,3.412389065218049,-11.698588519680698,-31.65257506290892,0,0,1.5,123.66491109537255,0.8,-0.1299843168853411
106.94545819553281,3.3135143031242373,-11.711665505664143,-32.27553841994778,0,0,1.5,122.87192820807707,0.8,-0.1301296167296016
105.85909031451268,3.2168091804441135,-11.724185948425713,-32.90810376880911,0,0,1.5,122.07863006493788,0.8,-0.1302687327602857
104.75147487544885,3.1222108293962068,-11.73617900478331,-33.5504168678149,0,0,1.5,121.2850246120186,0.8,-0.13040198894203678
103.62228460296106,3.0296594663330354,-11.747675222787052,-34.2026177378875,0,0,1.5,120.49111646036262,0.8,-0.1305297246976339
102.47118765008494,2.9390981220190957,-11.758706617100444,-34.86484064019254,0,0,1.5,119.69690671786344,0.8,-0.13065229574556048
101.29784779046614,2.850472397871358,-11.7693067481259,-35.53721406532901,0,0,1.5,118.90239281236461,0.8,-0.13077007497917667
100.10192461072288,2.7637302458414963,-11.779510805610073,-36.21986073400011,0,0,1.5,118.10756830500539,0.8,-0.13088345339566748
98.88307370259477,2.678821769827591,-11.789355697529857,-36.912897609070455,0,0,1.5,117.31242269271159,0.8,-0.13099284108366507
97.6409468545015,2.5956990466891043,-11.798880145136167,-37.61643591888882,0,0,1.5,116.51694119860329,0.8,-0.13109866827929073
96.37519224213696,2.5143159651054545,-11.808124785121265,-38.33058119172975,0,0,1.5,115.72110454894244,0.8,-0.13120138650134738
95.0854546177317,2.4346280806683316,-11.817132279973265,-39.055433301184024,0,0,1.5,114.92488873508236,0.8,-0.13130146977748072
93.77137549762125,2.356592485733266,-11.82594743769917,-39.7910865223029,0,0,1.5,114.12826475869157,0.8,-0.13139941597443522
92.43259334776548,2.280167692678536,-11.834617342229592,-40.53762959827923,0,0,1.5,113.33119835831452,0.8,-0.13149574824699548
91.06874376687168,2.2053135293311463,-11.843191495970416,-41.295145817425826,0,0,1.5,112.53364971509176,0.8,-0.13159101662189351
89.67945966678158,2.1319910454214757,-11.851721976143637,-42.06371310018929,0,0,1.5,111.73557313518715,0.8,-0.1316857997349293
88.26437144979346,2.0601624290215943,-11.860263606763311,-42.84340409591476,0,0,1.5,110.9369167061579,0.8,-0.13178070674181458
86.82310718259771,1.9897909320079237,-11.868874148326881,-43.634286289054195,0,0,1.5,110.13762192414346,0.8,-0.13187637942585423
85.35529276651707,1.9208408036679574,-11.877614507576993,-44.43642211448557,0,0,1.5,109.3376232883382,0.8,-0.13197349452863325
83.86055210375335,1.8532772316436292,-11.886548970005379,-45.2498690815833,0,0,1.5,108.53684785873804,-0.8,-0.19810914950008965
82.46633441903504,2.1471986125754468,-11.482522206816611,-38.40647713539699,0,0,1.5,107.75221972492626,-0.8,-0.1913753701136102
81.30014734772041,2.5754092481160007,-11.085536241071168,-31.567855635835055,0,0,1.5,107.00095346999005,-0.8,-0.18475893735118612
80.36182322394333,3.248976702381939,-10.694905729283846,-24.734502763601615,0,0,1.5,106.28303035767027,-0.8,-0.17824842882139744
79.65118191812178,4.448128056380023,-10.310157191947354,-17.90667465247022,0,0,1.5,105.59828832207836,-0.8,-0.17183595319912257
79.16803797663019,7.1422672004155165,-9.931014239542549,-11.084440802218156,0,0,1.5,104.94641555528844,-0.8,-0.1655169039923758
78.9122060151397,18.49042584665891,-9.557379834035743,-4.2677332944929764,0,0,1.5,104.32694853684097,-0.8,-0.1592896639005957
78.88350457670757,31.01241567431696,-9.189315884668986,2.543610449605679,0,0,1.5,103.73927450280415,-0.8,-0.1531552647444831
79.08175867319883,8.45811258242164,-8.827020646904884,9.349811545137527,0,0,1.5,103.18263815210136,-0.8,-0.14711701078174808
79.5068012320933,4.922680307723336,-8.470804535273714,16.151120174786236,0,0,1.5,102.65615219904203,-0.8,-0.14118007558789525
80.15847366838804,3.4930799246512354,-8.121065063211603,22.94779260637485,0,0,1.5,102.15881121757677,-0.8,-0.13535108438686005
81.0366257922625,2.7248292965159377,-7.7782616778979445,29.740074321675404,0,0,1.5,101.68950809656926,-0.8,-0.1296376946316324
82.14111524746164,2.2487048548490107,-7.442891262132775,36.52818869063055,0,0,1.5,101.24705234454464,1.0,-1.0
83.31844229132687,2.439855667352483,-1.8479997223072928,34.14892258021833,0,0,1.5,100.84194388437012,1.0,-1.0
84.42062615509693,2.6354972741402194,3.7989700074106167,32.032143225280905,0,0,1.5,100.48891361408802,1.0,-1.0
85.45767593876514,2.824716893426136,9.502892869417167,30.2535366066765,0,0,1.5,100.1928364760946,1.0,-1.0
86.44212842089064,2.992229183336772,15.268160674926719,28.888872851809786,0,0,1.5,99.95810428160415,0.8,0.169646229721408
87.3815161737551,3.1804218063413643,14.046660481502556,27.47481984921851,0,0,1.5,99.75448146650842,0.8,0.1560740053500284
88.27404424325223,3.385083356007769,12.904657862867396,26.07736204976621,0,0,1.5,99.54892287997342,0.8,0.1433850873651933
89.1202464274894,3.6087919890217948,11.836810449254017,24.695312641626234,0,0,1.5,99.34138599055123,0.8,0.1315201161028224
89.92061704984627,3.8547052759753337,10.838160238001393,23.327494740073007,0,0,1.5,99.13185647591553,0.8,0.12042400264445992
90.67561157358625,4.126728800875664,9.904103082990957,21.97275758812779,0,0,1.5,98.92034333677184,0.8,0.11004558981101063
91.38564768246488,4.429747884058641,9.030360906710314,20.62998844953116,0,0,1.5,98.70687469935729,0.8,0.10033734340789238
92.05110669835238,4.769951772094253,8.212956362049368,19.298121049542022,0,0,1.5,98.49149421514367,0.8,0.09125507068943743
92.67233523282286,5.155296337285442,7.448189700502951,17.97614126710321,0,0,1.5,98.27425797773388,0.8,0.08275766333892168
93.24964699095176,5.59617953968683,6.732617629862261,16.66309065490957,0,0,1.5,98.05523188712671,0.8,0.07480686255402512
93.78332466297925,6.106453174076901,6.063033967978583,15.358068258200682,0,0,1.5,97.83448940056718,0.8,0.06736704408865092
94.27362185369611,6.704983800042027,5.4364519200508425,14.060231115413762,0,0,1.5,97.61210961717134,0.8,0.06040502133389825
94.72076501094509,7.418145116578039,4.8500878253860265,12.76879375131979,0,0,1.5,97.38817565050995,0.8,0.0538898647265114
95.1249553239602,8.283961715043484,4.301346235964786,11.483026913465265,0,0,1.5,97.16277324944777,0.8,0.04779273595516429
95.48637056979152,9.359339039952491,3.7878062036457436,10.202255753551183,0,0,1.5,96.93598963285972,0.8,0.042086735596063816
95.80516689209256,10.733441090404424,3.30720866568214,8.925857615014191,0,0,1.5,96.7079125084725,0.8,0.036746762952023775
96.08148050132868,12.554321437873265,2.8574448295932484,7.65325955503057,0,0,1.5,96.47862925009572,0.8,0.031749386995480536
96.31542928937199,15.08715528830916,2.4365454685045904,6.383935702180089,0,0,1.5,96.24822621097996,0.8,0.027072727427828784
96.50711435430131,18.858605726179523,2.042671047010515,5.117404529027833,0,0,1.5,96.01678815405288,0.8,0.0226963449667835
96.65662143368309,25.084596361419642,1.6741026055386783,3.8532261010323423,0,0,1.5,95.78439778238172,0.8,0.01860114006154087
96.7640222463524,37.34621635222668,1.3292333382474908,2.590999348735446,0,0,1.5,95.55113535545979,0.8,0.014769259313861008
96.8293757440907,72.784373794963,1.0065608057611826,1.3303593985278157,0,0,1.5,95.31707837885664,0.8,0.011184008952902029
96.85272927560985,1364.6036740877848,0.7046797296344778,0.07097498791387492,0,0,1.5,95.08230135644736,0.8,0.00782977477371642
96.8341196659882,81.54767960457048,0.4222753204300602,-1.1874540162950384,0,0,1.5,94.84687559588525,0.8,0.004691948004778447
96.77357421521594,39.576973012399904,0.15811709574711585,-2.445198984391649,0,0,1.5,94.61086905923095,0.8,0.0017568566194123983
96.67111161983959,26.10965216862858,-0.08894685146873371,-3.702504767029889,0,0,1.5,94.37434625173161,0.8,-0.0009882983496525969
96.52674282189213,19.462638558825894,-0.3199951704294506,-4.95959181126134,0,0,1.5,94.13736814267297,0.8,-0.003555501893660562
96.34047178937965,15.49714806468549,-0.536038188707181,-6.21665814814778,0,0,1.5,93.89999211303328,0.8,-0.0059559798745242335
96.11229623259783,12.859756929479378,-0.7380224971338407,-7.47388125293974,0,0,1.5,93.66227192535948,0.8,-0.008200249968153786
95.84220826048906,10.976703751540331,-0.9268352107993962,-8.731419780463673,0,0,1.5,93.424257711885,0.8,-0.01029816900888218
95.53019498114179,9.563141912095627,-1.1033079312072118,-9.989415179577493,0,0,1.5,93.18599597742389,0.8,-0.012258977013413466
95.17623905038994,8.461619546762037,-1.268220432532189,-11.247993191422855,0,0,1.5,92.94752961401842,0.8,-0.014091338139246545
94.78031917230024,7.578021044398457,-1.4223040930157538,-12.507265236794272,0,0,1.5,92.70889792469939,0.8,-0.015803378811286153
94.34241055515335,6.852629567423622,-1.5662450908028234,-13.767329698316553,0,0,1.5,92.4701366540446,0.8,-0.017402723231142482
93.86248532632996,6.245726616824884,-1.7006873819606199,-15.02827310332172,0,0,1.5,92.23127802349993,0.8,-0.01889652646622911
93.3405129093135,5.729866904814141,-1.8262354769974536,-16.290171213381992,0,0,1.5,91.99235076966575,0.8,-0.020291505299971705
92.77646036582632,5.285477384676962,-1.9434570309119863,-17.553090026417102,0,0,1.5,91.75338018395135,0.8,-0.02159396701013318
92.17029270591692,4.898223311036186,-2.052885260633019,-18.81708669718019,0,0,1.5,91.51438815216953,0.8,-0.022809836229255767
91.5219731686272,4.557365520470306,-2.155021202644832,-20.08221038175196,0,0,1.5,91.2753931927822,0.8,-0.023944680029387024
90.83146347568356,4.2546994244479475,-2.250335822628813,-21.348503011459865,0,0,1.5,91.0364104926219,0.8,-0.025003731362542365
90.09872406047828,3.983848782053332,-2.339271988071715,-22.616000001395665,0,0,1.5,90.79745193900372,0.8,-0.025991910978574614
89.32371427444141,3.73978315494683,-2.422246313992929,-23.884730898444662,0,0,1.5,90.55852614721105,0.8,-0.026913847933254766
88.50639257274105,3.5184805343129484,-2.4996508912192326,-25.154719973468218,0,0,1.5,90.31963848238522,0.8,-0.027773898791324806
87.64671668110316,3.316686618760836,-2.5718549059769487,-26.42598676200807,0,0,1.5,90.08079107487956,0.8,-0.028576165621966097
86.7446437453967,3.1317399115144195,-2.63920615897689,-27.69854655760653,0,0,1.5,89.84198282814783,0.8,-0.029324512877521
85.80013046550215,2.9614425556595534,-2.702032491630632,-28.972410861568545,0,0,1.5,89.60320941822894,0.8,-0.030022583240340357
84.81313321485484,2.8039635357381294,-2.760643126553134,-30.24758779273077,0,0,1.5,89.36446328386441,0.8,-0.030673812517257044
83.78360814694142,2.657765162611422,-2.815329929074778,-31.524082460550705,0,0,1.5,89.12573360623924,-0.8,-0.046922165484579635
82.8445369935593,3.3377229854414843,-2.7685070369244613,-24.82067485975064,0,0,1.5,88.89102350548207,-0.8,-0.04614178394874102
82.12887092153326,4.532559793025836,-2.718113714772187,-18.119754547508318,0,0,1.5,88.6645661239419,-0.8,-0.045301895246203115
81.63652930408583,7.147817931086515,-2.6642709418757704,-11.421181973458092,0,0,1.5,88.44659752536111,-0.8,-0.044404515697929504
81.3674363180468,17.22131722932538,-2.6071513915005937,-4.724809097615947,0,0,1.5,88.2372899815487,-0.8,-0.04345252319167656
81.32152116681195,41.2900836560864,-2.546975678682543,1.9695169872784861,0,0,1.5,88.03675055521668,-0.8,-0.04244959464470905
81.49871818435733,9.408818202220587,-2.4840074141246475,8.661950569426745,0,0,1.5,87.84502125190633,-0.8,-0.041400123568744125
81.89896682719765,5.334518683331157,-2.418547224086069,15.352644106976037,0,0,1.5,87.66208070053246,-0.8,-0.04030912040143449
82.52221156545255,3.7439054865389294,-2.3509259476938382,22.04174540787903,0,0,1.5,87.48784725451607,-0.8,-0.03918209912823064
83.36840168754426,2.901850208111575,-2.2814972616081093,28.72939528529199,0,0,1.5,87.32218334583241,-0.8,-0.03802495436013516
84.14336663153216,5.479728856036406,-57.237775354603144,-15.355388713958137,0,0,1.5,32.13775552667658,0.8,-0.6359752817178127
83.59299825571898,4.728987827862896,-53.970009331267676,-17.676720959862564,0,0,1.5,31.58966985970516,-0.8,-0.8995001555211279
83.03513172897047,5.311911517695189,-49.072782354855434,-15.631874034867016,0,0,1.5,31.089895902990655,-0.8,-0.8178797059142572
82.56408611461649,6.608980476995459,-44.573148362767625,-12.492711455572547,0,0,1.5,30.682251659592914,-0.8,-0.7428858060461271
82.21281853530323,9.708732220916938,-40.44061069086118,-8.467925231080137,0,0,1.5,30.357474495222593,-0.8,-0.6740101781810196
82.00782772440928,21.94966583790649,-36.64811175404728,-3.736176592847438,0,0,1.5,30.10591236295038,-0.8,-0.6108018625674546
81.97012507029444,52.818081856710336,-33.171318589694835,1.5519330159067573,0,0,1.5,29.917894351898084,-0.8,-0.5528553098282473
82.08860117906394,18.238756615072205,-29.995034205521847,4.5007783650793,0,0,1.5,29.777046877101593,-0.8,-0.4999172367586974
82.25892240401714,14.35989803927778,-27.123818660135186,5.728377888131181,0,0,1.5,29.64875900193607,-0.8,-0.45206364433558643
82.47099677341987,11.775164150928292,-24.532046171128115,7.003808670210198,0,0,1.5,29.528149624929625,-0.8,-0.4088674361854686
82.72619044163062,9.950446420589719,-22.193176474732894,8.313816983170872,0,0,1.5,29.413814704212033,-0.8,-0.36988627457888157
83.02548149577737,8.605199445791218,-20.083141231158095,9.648292525792058,0,0,1.5,29.304532300313536,-0.8,-0.3347190205193016
83.36955358706382,7.5793184409486,-18.18010778498092,10.999610880134703,0,0,1.5,29.199251623374902,-0.8,-0.30300179641634867
83.7588695934262,6.7754605155595415,-16.464269273482216,12.36209249556952,0,0,1.5,29.097079356375527,-0.8,-0.2744044878913703
84.19372897420669,6.1314011780926405,-14.917656982083173,13.731564209993143,0,0,1.5,28.99726472042635,0.8,-0.1657517442453686
84.54475445478027,11.547145314512125,-14.034447290485502,7.32170178446848,0,0,1.5,28.885963946551794,0.8,-0.1559383032276167
84.70125387875234,25.225326423792552,-13.23114558284027,3.3577862365682623,0,0,1.5,28.75363583483134,0.8,-0.1470127286982252
84.79186061894276,40.81490271328215,-12.487722777360858,2.0774730547464824,0,0,1.5,28.614982268121402,0.8,-0.13875247530400953
84.83968783720613,107.23056069889431,-11.797347812041181,0.7911894452873167,0,0,1.5,28.472842381617006,0.8,-0.13108164235601313
84.84455593712067,169.7138974940283,-11.156114140050903,-0.4999269782258468,0,0,1.5,28.327586199471217,0.8,-0.12395682377834337
84.8063198601017,47.247514963099206,-10.560422038878386,-1.794937150161999,0,0,1.5,28.179537357973665,0.8,-0.11733802265420429
84.72486304091709,27.391863078903903,-10.006953598996148,-3.093066827797074,0,0,1.5,28.028977661930693,0.8,-0.11118837332217943
84.60009239255447,19.254957648876925,-9.492649822892929,-4.393678445586657,0,0,1.5,27.876151198100832,0.8,-0.10547388692103254
84.43193414976804,14.822377709961724,-9.014689661490308,-5.696247646760721,0,0,1.5,27.721268037977246,0.8,-0.10016321846100343
84.22033042832288,12.030885006229044,-8.570470826493647,-7.000343730716189,0,0,1.5,27.564507562207876,0.8,-0.0952274536277072
83.9652363803034,10.109456411059,-8.157592228906253,-8.305613374864707,0,0,1.5,27.406021438029047,-0.8,-0.13595987048177088
83.79858005080482,49.57006580325343,-7.493861636065702,-1.6905077427858664,0,0,1.5,27.253992807978957,-0.8,-0.12489769393442837
83.85179329224167,19.089490655072535,-6.883283090318173,4.392563154636095,0,0,1.5,27.115185190119902,-0.8,-0.11472138483863621
84.02066146652012,14.637892533358993,-6.3274336783512695,5.739942500263711,0,0,1.5,26.982706293054996,0.8,-0.07030481864834744
84.1555627946627,25.76751252600681,-6.039426875654385,3.265956025430301,0,0,1.5,26.8488841838618,0.8,-0.0671047430628265
84.24268787639991,42.95066833302089,-5.772470908964095,1.9613824684453935,0,0,1.5,26.713211692175133,0.8,-0.06413856565515662
84.28631259492994,128.4933390161335,-5.52483574833758,0.6559586141998149,0,0,1.5,26.576015458870728,0.8,-0.061387063870417556
84.28641140279544,129.64122001666132,-5.2951265589366585,-0.6501513283503738,0,0,1.5,26.437402265049123,0.8,-0.05883473954374065
84.24296377230414,43.0511763414949,-5.082059216496333,-1.956809800133301,0,0,1.5,26.297461170227013,0.8,-0.056467324627737035
84.15595338462376,25.783853300476622,-4.8844512023761695,-3.263901341816435,0,0,1.5,26.15626523658076,0.8,-0.05427168002640188
83.5330315393781,2.191277029348893,-3.9231404835632873,-38.120707888860025,0,0,1.5,26.791945875235218,-0.8,-0.06538567472605479
82.3766371483834,2.634976920367286,-3.94317364021299,-31.26275471775329,0,0,1.5,26.379598670229186,-0.8,-0.0657195606702165
81.41206728205461,2.925277985612772,-3.961968464687544,-27.83054044178329,0,0,1.5,25.96648648173335,-0.8,-0.06603280774479241
80.51008007261382,3.0626088207627578,-3.9830949418738726,-26.288071635790036,0,0,1.5,25.549163158078255,-0.8,-0.06638491569789788
79.65957044589584,3.2196233252716646,-4.006540466051774,-24.741891332637287,0,0,1.5,25.127408139712955,-0.8,-0.06677567443419624
78.86066157084122,3.40033406754604,-4.031955986090708,-23.19203348974283,0,0,1.5,24.701338573068863,-0.8,-0.06719926643484513
78.11347538435064,3.6099238818136197,-4.059016132934175,-21.638538080505608,0,0,1.5,24.271082827616322,-0.8,-0.06765026888223626
77.41813238781972,3.855206049138154,-4.087417224483772,-20.081451263837597,0,0,1.5,23.8367801227733,-0.8,-0.06812362040806287
76.77475143881426,4.145320164725924,-4.116875498857127,-18.520825506343098,0,0,1.5,23.39858012595158,-0.8,-0.06861459164761878
76.1834495394261,4.492817659883767,-4.147125555575855,-16.956719659394555,0,0,1.5,22.956642519347128,-0.8,-0.06911875925959758
75.64434162278486,4.915417732790244,-4.177918985599064,-15.38919899282807,0,0,1.5,22.511136533766347,-0.8,-0.06963198309331772
75.15754033914698,5.438972157210107,-4.2090231723356055,-13.81833518664281,0,0,1.5,22.062240448469886,-0.8,-0.07015038620559343
74.72315584294417,6.102735785609023,-4.240220246862691,-12.244206281902333,0,0,1.5,21.610141056709264,-0.8,-0.07067033744771152
74.3412955821317,6.969346233099408,-4.271306181567013,-10.66689659197354,0,0,1.5,21.155033097318658,-0.8,-0.07118843635945021
74.01206409114033,8.145280579594772,-4.302090007330804,-9.086496575274813,0,0,1.5,20.697118653398153,-0.8,-0.07170150012218007
73.73556278869401,9.827342903823013,-4.332393140222962,-7.5031026708154815,0,0,1.5,20.236606519772934,-0.8,-0.07220655233704937
73.51188978171031,12.424228865694205,-4.362048804442907,-5.9168170979763115,0,0,1.5,19.773711541530687,-0.8,-0.07270081340738178
73.34113967644936,16.946722886623036,-4.390901539015374,-4.327747622187266,0,0,1.5,19.30865392651393,-0.8,-0.0731816923169229
73.22340339801676,26.76286854526005,-4.418806776460201,-2.736007288388572,0,0,1.5,18.84165853516756,-0.8,-0.07364677960767002
73.15876801925955,64.07800907042552,-4.445630482375407,-1.1417141244019262,0,0,1.5,18.37295415160633,-0.8,-0.07409384137292345
73.14731660002079,160.76008851037707,-4.471248845579765,0.45500918342240854,0,0,1.5,17.902772740164433,-0.8,-0.07452081409299609
73.1891280376322,35.6318686119236,-4.49554800917312,2.0540356396897104,0,0,1.5,17.43134869201311,-0.8,-0.07492580015288534
73.28427692943883,20.049132471025594,-4.518423833590447,3.6552343117761867,0,0,1.5,16.958918066678468,-0.8,-0.07530706389317411
73.43283344804827,13.964674777940914,-4.539781683454464,5.25847072099705,0,0,1.5,16.485717833455396,-0.8,-0.0756630280575744
73.63486322989988,10.728303725401167,-4.559536230770419,6.863607250003208,0,0,1.5,16.011985117794005,-0.8,-0.07599227051284033
73.89042727764014,8.723262640355506,-4.577611267754605,8.470503563174711,0,0,1.5,15.537956457732793,-0.8,-0.07629352112924342
74.19958187668172,7.361787524161098,-4.5939395233451705,10.079017036713108,0,0,1.5,15.063867075366767,-0.8,-0.07656565872241951
74.56237852621577,6.378848331345289,-4.608462478200181,11.68900319510978,0,0,1.5,14.589950168177221,-0.8,-0.07680770797000301
74.9788638848326,5.637374558270544,-4.621130173744433,13.300316150686095,0,0,1.5,14.11643622481296,-0.8,-0.07701883622907388
75.44907973079954,5.0593472707551825,-4.631901011572836,14.912809042961316,0,0,1.5,13.643552369610122,-0.8,-0.0771983501928806
75.97306293693792,4.597090967342366,-4.64074154024911,16.52633447470344,0,0,1.5,13.17152173977656,-0.8,-0.07734569233748516
76.55084545993617,4.2198292135268,-4.647626227245723,18.140744941655445,0,0,1.5,12.700562898755022,-0.8,-0.07746043712076206
77.18245434384153,3.9068066098068033,-4.6525372144481025,19.75589325309816,0,0,1.5,12.230889288828077,-0.8,-0.07754228690746838
77.86791173737939,3.643517177829431,-4.655464056286007,21.37163294061042,0,0,1.5,11.762708725545362,-0.8,-0.07759106760476679
78.60723492466627,3.4195169238358036,-4.656403440151394,22.98781865260942,0,0,1.5,11.296222936051377,-0.8,-0.07760672400252323
79.40043636880466,3.2270950723174194,-4.655358889305859,24.604306532495855,0,0,1.5,10.831627142881771,-0.8,-0.07758931482176432
80.2475237677809,3.0604348719487686,-4.652340448974655,26.220954578485223,0,0,1.5,10.369109694282397,-0.8,-0.07753900748291093
